,epoch,val/loss,lr-AdamW/pg1,val/PSNR_ema,train/loss_simple_step,lr_abs,val/loss_simple,val/loss_vlb_ema,train/loss_vlb_epoch,train/PSNR_step,train/loss_step,_step,val/loss_ema,train/loss_vlb_step,trainer/global_step,val/loss_vlb,train/PSNR_epoch,global_step,val/PSNR,train/loss_simple_epoch,val/loss_simple_ema,lr-AdamW/pg2,_runtime,_timestamp,train/loss_epoch
0,0.0,0.05681455135345459,,16.59316635131836,,,0.05681455135345459,0.0009303764090873301,,,,3,0.05358566343784332,,3,0.0004531967861112207,,,16.180879592895508,,0.05358566343784332,,3730.6368305683136,1693170211.0158656,
1,0.0,0.05530323088169098,,16.13253402709961,,,0.05530323088169098,0.001084707910194993,,,,4,0.05712597072124481,,4,0.0004353663243819028,,,16.173133850097656,,0.05712597072124481,,3792.9674983024597,1693170273.3465333,
2,0.0,0.05627121031284332,,16.754865646362305,,,0.05627121031284332,0.0008452488691546023,,,,6,0.04908815771341324,,6,0.0011178071144968271,,,16.328229904174805,,0.04908815771341324,,3918.0503385066986,1693170398.4293735,
3,0.0,0.057370658963918686,,16.289033889770508,,,0.057370658963918686,0.0008557287510484457,,,,9,0.05768975988030434,,9,0.0005661572213284671,,,16.115766525268555,,0.05768975988030434,,4105.559935808182,1693170585.9389708,
4,0.0,0.051483288407325745,,16.645118713378906,,,0.051483288407325745,0.0006872285739518702,,,,19,0.054330166429281235,,19,0.0008024682174436748,,,16.857057571411133,,0.054330166429281235,,4729.181889772415,1693171209.5609248,
5,0.0,0.05479656532406807,,17.110185623168945,,,0.05479656532406807,0.0006723343976773322,,,,21,0.0501517653465271,,21,0.0008280609035864472,,,16.571800231933594,,0.0501517653465271,,4853.730051040649,1693171334.109086,
6,0.0,0.05256368964910507,,16.740074157714844,,,0.05256368964910507,0.0005601373268291354,,,,23,0.049276165664196014,,23,0.001265526982024312,,,16.58866310119629,,0.049276165664196014,,4978.182023048401,1693171458.561058,
7,0.0,0.04992244020104408,,16.779157638549805,,,0.04992244020104408,0.000835913117043674,,,,25,0.052935101091861725,,25,0.0008194977417588234,,,17.139324188232422,,0.052935101091861725,,5104.307651281357,1693171584.6866863,
8,0.0,0.05161368474364281,,16.984256744384766,,,0.05161368474364281,0.000976713839918375,,,,27,0.050727877765893936,,27,0.0009303176775574684,,,16.92630958557129,,0.050727877765893936,,5229.822735786438,1693171710.2017708,
9,0.0,0.05028800666332245,,16.61958885192871,,,0.05028800666332245,0.0008988695335574448,,,,31,0.052543044090270996,,31,0.0005409194272942841,,,17.016677856445312,,0.052543044090270996,,5480.569142103195,1693171960.948177,
10,0.0,0.046699486672878265,,17.077665328979492,,,0.046699486672878265,0.0009672761079855263,,,,32,0.05094394087791443,,32,0.0008352057775482535,,,17.351139068603516,,0.05094394087791443,,5544.658598423004,1693172025.0376334,
11,0.0,0.045992255210876465,,17.08165740966797,,,0.045992255210876465,0.0009349650936201215,,,,39,0.05055949091911316,,39,0.0008077982347458601,,,17.490758895874023,,0.05055949091911316,,5982.93604850769,1693172463.3150835,
12,0.0,0.04431465268135071,,17.092689514160156,,,0.04431465268135071,0.0007264088490046561,,,,40,0.0490071102976799,,40,0.000655483512673527,,,17.625303268432617,,0.0490071102976799,,6045.844427585602,1693172526.2234626,
13,0.0,0.047283947467803955,,17.066024780273438,,,0.047283947467803955,0.0005762074142694473,,,,42,0.0487249456346035,,42,0.0006175878224894404,,,17.270557403564453,,0.0487249456346035,,6171.239721059799,1693172651.618756,
14,0.0,0.048561807721853256,,17.55775260925293,,,0.048561807721853256,0.0003813867224380374,,,,48,0.043637409806251526,,48,0.0014799528289586306,,,17.473873138427734,,0.043637409806251526,,6546.721700668335,1693173027.1007357,
15,0.0,0.04593728482723236,,18.064550399780273,,,0.04593728482723236,0.0008658366277813911,,,,52,0.04266522079706192,,50,0.0008700823527760804,,,17.241113662719727,,0.04266522079706192,,6674.293231010437,1693173154.672266,
16,0.0,0.04486704245209694,,17.601179122924805,,,0.04486704245209694,0.0009401092538610101,,,,60,0.045576587319374084,,58,0.001105083036236465,,,17.749727249145508,,0.045576587319374084,,7174.174704790115,1693173654.5537398,
17,0.0,0.046923015266656876,,17.45807647705078,,,0.046923015266656876,0.001088242162950337,,,,65,0.045972008258104324,,63,0.0007668114267289639,,,17.30272674560547,,0.045972008258104324,,7485.551468849182,1693173965.9305038,
18,0.0,0.04587911441922188,,17.403413772583008,,,0.04587911441922188,0.0008832584135234356,,,,67,0.04832172393798828,,65,0.0006738657248206437,,,17.295516967773438,,0.04832172393798828,,7610.7785131931305,1693174091.1575482,
19,0.0,0.04122672975063324,,17.26509666442871,,,0.04122672975063324,0.0010796735296025872,,,,68,0.047010987997055054,,66,0.0005502031417563558,,,17.93980598449707,,0.047010987997055054,,7673.300879955292,1693174153.679915,
20,0.0,0.04415200650691986,,17.741674423217773,,,0.04415200650691986,0.0008241720497608185,,,,71,0.04573922976851463,,69,0.0008280379115603864,,,17.478288650512695,,0.04573922976851463,,7860.194072008133,1693174340.573107,
21,0.0,0.04836799576878548,,17.680017471313477,,,0.04836799576878548,0.0009676647605374455,,,,74,0.04370559751987457,,72,0.0010517879854887724,,,17.25547981262207,,0.04370559751987457,,8047.861826181412,1693174528.2408612,
22,0.0,0.04599287733435631,,17.558298110961914,,,0.04599287733435631,0.0004193560453131795,,,,75,0.04579639434814453,,73,0.0005736593157052994,,,17.346179962158203,,0.04579639434814453,,8110.064733505249,1693174590.4437685,
23,0.0,0.04242227226495743,,17.488168716430664,,,0.04242227226495743,0.0005518626421689987,,,,78,0.04504486173391342,,76,0.0004057358601130545,,,17.579662322998047,,0.04504486173391342,,8297.283736467361,1693174777.6627715,
24,0.0,0.04651809483766556,,17.772354125976562,,,0.04651809483766556,0.0013735151151195168,,,,82,0.04568374529480934,,80,0.0005074507789686322,,,17.391319274902344,,0.04568374529480934,,8546.433120250702,1693175026.8121552,
25,0.0,0.04580168426036835,,17.75368881225586,,,0.04580168426036835,0.000638876052107662,,,,84,0.04320157319307327,,82,0.0009288535220548511,,,17.575838088989258,,0.04320157319307327,,8670.866868972778,1693175151.245904,
26,0.0,0.047738976776599884,,17.72953224182129,,,0.047738976776599884,0.000583915039896965,,,,85,0.04523659124970436,,83,0.001434317440725863,,,17.479766845703125,,0.04523659124970436,,8733.045912504196,1693175213.4249475,
27,0.0,0.04260406643152237,,17.506954193115234,,,0.04260406643152237,0.0007616407820023596,,,,86,0.04533781856298447,,84,0.0006834444939158857,,,17.84556770324707,,0.04533781856298447,,8795.257490634918,1693175275.6365256,
28,0.0,0.04412693530321121,,17.738847732543945,,,0.04412693530321121,0.0008937114616855979,,,,92,0.04454069584608078,,90,0.000887605594471097,,,17.992488861083984,,0.04454069584608078,,9170.03951048851,1693175650.4185455,
29,0.0,0.04554607346653938,,17.70819854736328,,,0.04554607346653938,0.0007714600651524961,,,,93,0.04396063834428787,,91,0.0006148323300294578,,,17.642906188964844,,0.04396063834428787,,9232.254226922989,1693175712.633262,
30,0.0,0.04259664565324783,,17.260147094726562,,,0.04259664565324783,0.0007816976867616177,,,,99,0.047956012189388275,,97,0.0006869535427540541,,,17.90413475036621,,0.047956012189388275,,9606.751429796219,1693176087.1304648,
31,,,9.9000001e-07,,,,,,,,,101,,,99,,,,,,,9.9000001e-06,9670.686128616333,1693176151.0651636,
32,0.0,0.044898565858602524,,17.60662269592285,,,0.044898565858602524,0.0003533724811859429,,,,109,0.042226146906614304,,105,0.001120534841902554,,,17.743671417236328,,0.042226146906614304,,10106.50382232666,1693176586.8828573,
33,0.0,0.04857564717531204,,18.160947799682617,,,0.04857564717531204,0.0006734969210810959,,,,113,0.0409533716738224,,109,0.0008692032424733043,,,17.28668212890625,,0.0409533716738224,,10356.250324726105,1693176836.6293597,
34,0.0,0.044598039239645004,,18.06304359436035,,,0.044598039239645004,0.0005443433183245361,,,,120,0.04201774299144745,,116,0.0005393924075178802,,,17.88548469543457,,0.04201774299144745,,10792.692242383957,1693177273.0712774,
35,0.0,0.04297485947608948,,17.643274307250977,,,0.04297485947608948,0.0009335509967058897,,,,122,0.045926567167043686,,118,0.000916485209017992,,,18.02957534790039,,0.045926567167043686,,10917.159343004227,1693177397.538378,
36,0.0,0.04627956077456474,,18.028079986572266,,,0.04627956077456474,0.0013864717911928892,,,,124,0.04399241507053375,,120,0.001047776429913938,,,17.85421371459961,,0.04399241507053375,,11041.614640712738,1693177521.9936757,
37,0.0,0.04646017402410507,,17.230239868164062,,,0.04646017402410507,0.0007285301689989865,,,,126,0.049382343888282776,,122,0.0011372895678505301,,,17.86802864074707,,0.049382343888282776,,11166.178525924683,1693177646.557561,
38,0.0,0.04638678953051567,,17.653987884521484,,,0.04638678953051567,0.0004425793304108083,,,,128,0.04510032758116722,,124,0.0006737322546541691,,,17.57440757751465,,0.04510032758116722,,11291.781639814377,1693177772.1606748,
39,0.0,0.04815511032938957,,17.768579483032227,,,0.04815511032938957,0.0008959238766692579,,,,133,0.044761382043361664,,129,0.0015629049157723784,,,17.735139846801758,,0.044761382043361664,,11608.785242795944,1693178089.1642778,
40,0.0,0.04224087670445442,,18.00358772277832,,,0.04224087670445442,0.0008682594634592533,,,,136,0.043512605130672455,,132,0.0005855197086930275,,,17.918289184570312,,0.043512605130672455,,11800.851360321045,1693178281.2303953,
41,0.0,0.04541958123445511,,17.349472045898438,,,0.04541958123445511,0.0012789565371349454,,,,144,0.048843808472156525,,140,0.0009354729554615915,,,17.93438148498535,,0.048843808472156525,,12313.370926618576,1693178793.7499616,
42,0.0,0.04540903493762016,,17.99742317199707,,,0.04540903493762016,0.001422784524038434,,,,152,0.046303145587444305,,148,0.0011650918750092387,,,17.866455078125,,0.046303145587444305,,12846.841638803482,1693179327.2206738,
43,0.0,0.04330656677484512,,17.87868309020996,,,0.04330656677484512,0.0006637166952714324,,,,162,0.044274840503931046,,156,0.0010380009189248085,,,18.0967960357666,,0.044274840503931046,,13356.945947647095,1693179837.3249826,
44,0.0,0.04474577680230141,,17.666385650634766,,,0.04474577680230141,0.0007671276107430458,,,,163,0.04626841098070145,,157,0.0009292922914028168,,,17.731657028198242,,0.04626841098070145,,13419.823017120361,1693179900.202052,
45,0.0,0.04363055154681206,,18.183998107910156,,,0.04363055154681206,0.00046610675053671,,,,165,0.04041747748851776,,159,0.0003968852397520095,,,17.92842674255371,,0.04041747748851776,,13548.871876001358,1693180029.250911,
46,0.0,0.04385557398200035,,17.834026336669922,,,0.04385557398200035,0.0006519215530715883,,,,169,0.04295757785439491,,163,0.0008008107542991638,,,18.031591415405273,,0.04295757785439491,,13821.86208486557,1693180302.2411199,
47,0.0,0.04239947721362114,,17.750951766967773,,,0.04239947721362114,0.0006296850042417645,,,,175,0.043861471116542816,,169,0.0008629853837192059,,,18.042497634887695,,0.043861471116542816,,14209.26940369606,1693180689.6484387,
48,0.0,0.04313002526760101,,17.790403366088867,,,0.04313002526760101,0.000506171549204737,,,,176,0.043893229216337204,,170,0.0004558018990792334,,,17.958589553833008,,0.043893229216337204,,14273.108139038086,1693180753.487174,
49,0.0,0.04309255629777908,,18.213815689086914,,,0.04309255629777908,0.0004500181239563972,,,,178,0.041190702468156815,,172,0.0007244540029205382,,,18.158586502075195,,0.041190702468156815,,14401.227442026138,1693180881.606477,
50,0.0,,,,,,,,0.0007686575991101563,,,180,,,173,,17.144105911254883,,,0.04886612668633461,,,14469.878654003143,1693180950.257689,0.04886612668633461
51,1.0,0.04719606414437294,,17.88806915283203,,,0.04719606414437294,0.000871140684466809,,,,182,0.04393893480300903,,175,0.0013776763807982206,,,17.596881866455078,,0.04393893480300903,,14601.162311077118,1693181081.541346,
52,1.0,0.043473612517118454,,18.03080940246582,,,0.043473612517118454,0.0008466920698992908,,,,187,0.043758537620306015,,180,0.0009019635617733002,,,17.942167282104492,,0.043758537620306015,,14917.811279773712,1693181398.1903148,
53,1.0,0.04318477213382721,,17.843210220336914,,,0.04318477213382721,0.0011602940503507853,,,,192,0.04630689695477486,,185,0.0008965264423750341,,,18.289836883544922,,0.04630689695477486,,15260.013296842575,1693181740.3923318,
54,1.0,0.045063845813274384,,17.77912712097168,,,0.045063845813274384,0.0010923731606453657,,,,199,0.0457075871527195,,192,0.0013424365315586329,,,17.828237533569336,,0.0457075871527195,,15704.659496545792,1693182185.0385315,
55,1.0,0.04580528661608696,,18.732805252075195,,,0.04580528661608696,0.0007331556407734752,,,,215,0.038982607424259186,,206,0.001254961476661265,,,17.66016387939453,,0.038982607424259186,,16577.946229934692,1693183058.325265,
56,1.0,0.040832050144672394,,18.020137786865234,,,0.040832050144672394,0.0009251611772924662,,,,216,0.04493231326341629,,207,0.0009354131179861724,,,18.581626892089844,,0.04493231326341629,,16640.419286727905,1693183120.7983217,
57,1.0,0.04254212602972984,,18.185707092285156,,,0.04254212602972984,0.0006078011938370764,,,,218,0.04381673038005829,,209,0.0006749400054104626,,,18.08136749267578,,0.04381673038005829,,16765.908777952194,1693183246.287813,
58,1.0,0.042660027742385864,,18.285324096679688,,,0.042660027742385864,0.0009868232300505042,,,,223,0.0421542190015316,,214,0.0007682134746573865,,,18.249006271362305,,0.0421542190015316,,17080.76378107071,1693183561.142816,
59,1.0,0.04771764203906059,,17.917984008789062,,,0.04771764203906059,0.000571730372030288,,,,230,0.043277643620967865,,221,0.0005737349856644869,,,17.624378204345703,,0.043277643620967865,,17517.07842898369,1693183997.457464,
60,1.0,0.04356655478477478,,18.588462829589844,,,0.04356655478477478,0.00032735386048443615,,,,232,0.04023347422480583,,223,0.0009944275952875614,,,18.203065872192383,,0.04023347422480583,,17642.310631990433,1693184122.689667,
61,1.0,0.04356226325035095,,17.778179168701172,,,0.04356226325035095,0.0007127636345103383,,,,234,0.04511716961860657,,225,0.001485575339756906,,,18.3222599029541,,0.04511716961860657,,17767.93130159378,1693184248.3103366,
62,1.0,0.042940109968185425,,17.948101043701172,,,0.042940109968185425,0.0010975057957693934,,,,236,0.04402308166027069,,227,0.0011074726935476065,,,17.962284088134766,,0.04402308166027069,,17893.871369361877,1693184374.2504044,
63,1.0,0.04059244692325592,,18.157011032104492,,,0.04059244692325592,0.0007875629817135632,,,,243,0.042628899216651917,,234,0.0006657966296188533,,,18.261783599853516,,0.042628899216651917,,18332.344173669815,1693184812.7232087,
64,1.0,0.039874251931905746,,18.102615356445312,,,0.039874251931905746,0.0005484024877659976,,,,247,0.04228723421692848,,238,0.0008445246494375169,,,18.245464324951172,,0.04228723421692848,,18582.903010845184,1693185063.2820458,
65,1.0,0.0445421002805233,,18.258134841918945,,,0.0445421002805233,0.0003859117568936199,,,,249,0.042020365595817566,,240,0.00047552064643241465,,,18.10243797302246,,0.042020365595817566,,18708.348870038986,1693185188.727905,
66,1.0,0.04660460725426674,,18.43027114868164,,,0.04660460725426674,0.0008214064873754978,,,,252,0.04242609813809395,,243,0.0009791795164346695,,,18.00798988342285,,0.04242609813809395,,18896.741891384125,1693185377.1209264,
67,1.0,0.045937296003103256,,17.98109245300293,,,0.045937296003103256,0.000658193021081388,,,,254,0.04416978359222412,,245,0.0006513529224321246,,,17.874164581298828,,0.04416978359222412,,19021.08787894249,1693185501.466914,
68,1.0,0.047729674726724625,,17.521331787109375,,,0.047729674726724625,0.0004935506149195135,,,,257,0.04601896181702614,,248,0.0008912060293368995,,,17.682844161987305,,0.04601896181702614,,19208.190670728683,1693185688.5697057,
69,1.0,0.04740125685930252,,17.735382080078125,,,0.04740125685930252,0.0008318537147715688,,,,272,0.047784071415662766,,261,0.0010722287697717547,,,17.933290481567383,,0.047784071415662766,,24296.218685150146,1693190776.5977201,
70,1.0,0.048157449811697006,,18.32670021057129,,,0.048157449811697006,0.0003386539756320417,,,,273,0.04024035483598709,,262,0.0005988524062559009,,,17.812715530395508,,0.04024035483598709,,24359.037930965424,1693190839.416966,
71,1.0,0.042751844972372055,,18.049331665039062,,,0.042751844972372055,0.0011381498770788312,,,,274,0.046370431780815125,,263,0.0007345573976635933,,,18.4383487701416,,0.046370431780815125,,24421.24281859398,1693190901.6218536,
72,1.0,0.04236927255988121,,18.013153076171875,,,0.04236927255988121,0.0011520100524649024,,,,275,0.044279664754867554,,264,0.000582498440053314,,,18.340030670166016,,0.044279664754867554,,24484.310240507126,1693190964.6892755,
73,1.0,0.04156320542097092,,17.873146057128906,,,0.04156320542097092,0.0006786102894693613,,,,278,0.04610157757997513,,267,0.0007138201617635787,,,18.204130172729492,,0.04610157757997513,,24672.619089365005,1693191152.9981244,
74,1.0,0.042146600782871246,,18.090349197387695,,,0.042146600782871246,0.0008995807729661465,,,,279,0.04223712906241417,,268,0.0006207171827554703,,,18.184049606323242,,0.04223712906241417,,24735.194459199905,1693191215.5734942,
75,1.0,0.04413783177733421,,18.174802780151367,,,0.04413783177733421,0.0010984227992594242,,,,285,0.0446823425590992,,274,0.0007340078009292483,,,17.960590362548828,,0.0446823425590992,,25109.068893909454,1693191589.447929,
76,1.0,0.04307427629828453,,17.96473503112793,,,0.04307427629828453,0.0013406254583969712,,,,287,0.04685232788324356,,276,0.0011342039797455072,,,18.397441864013672,,0.04685232788324356,,25233.735661506653,1693191714.1146965,
77,1.0,0.04176683723926544,,18.0181884765625,,,0.04176683723926544,0.0004808171943295747,,,,291,0.0439230240881443,,280,0.0005046427249908447,,,18.346988677978516,,0.0439230240881443,,25483.907881498337,1693191964.2869165,
78,1.0,0.04362031817436218,,18.05928611755371,,,0.04362031817436218,0.0005433624028228223,,,,300,0.04294458404183388,,289,0.0008977697580121458,,,18.196569442749023,,0.04294458404183388,,26045.192556858063,1693192525.5715919,
79,1.0,0.043210845440626144,,18.296375274658203,,,0.043210845440626144,0.0007257145480252802,,,,303,0.041893795132637024,,292,0.001238491851836443,,,18.449981689453125,,0.041893795132637024,,26232.46048951149,1693192712.8395245,
80,1.0,0.04606817662715912,,18.2137451171875,,,0.04606817662715912,0.0006213304586708546,,,,314,0.042003925889730453,,301,0.0007759311120025814,,,17.92210578918457,,0.042003925889730453,,26793.70415711403,1693193274.083192,
81,1.0,0.04131536930799484,,18.45664405822754,,,0.04131536930799484,0.0005790310096926987,,,,321,0.04167061299085617,,308,0.0007321650045923889,,,18.36589241027832,,0.04167061299085617,,27231.06992292404,1693193711.448958,
82,1.0,0.04375235736370087,,18.264509201049805,,,0.04375235736370087,0.0007685586460866034,,,,325,0.04319010674953461,,312,0.00117779360152781,,,18.132259368896484,,0.04319010674953461,,27482.310388565063,1693193962.6894236,
83,1.0,0.04115978255867958,,17.770015716552734,,,0.04115978255867958,0.0004960342776030302,,,,331,0.043564241379499435,,318,0.0008732512942515314,,,18.61039924621582,,0.043564241379499435,,27856.881120443344,1693194337.2601554,
84,1.0,0.043812528252601624,,18.018766403198242,,,0.043812528252601624,0.000669010158162564,,,,334,0.04398293420672417,,321,0.00047253965749405324,,,18.188901901245117,,0.04398293420672417,,28043.96699309349,1693194524.346028,
85,1.0,0.04343411698937416,,18.290918350219727,,,0.04343411698937416,0.001235226634889841,,,,335,0.04362468048930168,,322,0.0008270821417681873,,,18.185171127319336,,0.04362468048930168,,28106.624043941498,1693194587.003079,
86,1.0,0.043467238545417786,,18.320056915283203,,,0.043467238545417786,0.0006541037000715733,,,,347,0.043598465621471405,,334,0.0008374868775717914,,,18.555496215820312,,0.043598465621471405,,28855.457419395447,1693195335.8364544,
87,1.0,0.04541460797190666,,18.199487686157227,,,0.04541460797190666,0.0009658301714807749,,,,352,0.04191788658499718,,339,0.0005203705513849854,,,17.967529296875,,0.04191788658499718,,29166.755558252335,1693195647.1345932,
88,,,1e-06,,,,,,,,,363,,,349,,,,,,,9.999999999999999e-06,29728.465562582016,1693196208.8445976,
89,2.0,0.04803133383393288,,18.105684280395508,,,0.04803133383393288,0.0008874612976796925,,,,366,0.044131454080343246,,350,0.0007328575593419373,,,17.644912719726562,,0.044131454080343246,,29854.691989421844,1693196335.0710244,
90,2.0,0.04098016396164894,,18.58473777770996,,,0.04098016396164894,0.0007871872512623668,,,,367,0.0421256348490715,,351,0.0004586123104672879,,,18.457805633544922,,0.0421256348490715,,29916.920057058334,1693196397.299092,
91,2.0,0.042692482471466064,,18.48555564880371,,,0.042692482471466064,0.0006316268700174987,,,,371,0.0442163459956646,,355,0.0006156926392577589,,,18.272876739501953,,0.0442163459956646,,30166.141247034073,1693196646.520282,
92,2.0,0.040866825729608536,,18.51405143737793,,,0.040866825729608536,0.0009274074691347778,,,,378,0.04150504991412163,,362,0.000584321329370141,,,18.205705642700195,,0.04150504991412163,,30602.322002649307,1693197082.7010376,
93,2.0,0.04340638592839241,,18.184844970703125,,,0.04340638592839241,0.0006937832804396749,,,,382,0.043802112340927124,,366,0.0006596083985641599,,,18.327476501464844,,0.043802112340927124,,30851.89767241478,1693197332.2767074,
94,2.0,0.0421411469578743,,18.268625259399414,,,0.0421411469578743,0.0006495308480225503,,,,385,0.042497336864471436,,369,0.000580627063754946,,,18.115158081054688,,0.042497336864471436,,31039.282729148865,1693197519.6617641,
95,2.0,0.04501103237271309,,18.11138343811035,,,0.04501103237271309,0.000462599127786234,,,,390,0.0446140430867672,,374,0.0007723554153926671,,,18.105602264404297,,0.0446140430867672,,31351.44999718666,1693197831.8290322,
96,2.0,0.045297861099243164,,18.38750648498535,,,0.045297861099243164,0.0007546066190116107,,,,391,0.04083911329507828,,375,0.0011649873340502381,,,17.968673706054688,,0.04083911329507828,,31413.71008682251,1693197894.0891218,
97,2.0,0.04650305584073067,,18.5911808013916,,,0.04650305584073067,0.001096400199458003,,,,392,0.041048549115657806,,376,0.001311272382736206,,,18.0991268157959,,0.041048549115657806,,31475.927100896835,1693197956.306136,
98,2.0,0.04588748514652252,,18.19289207458496,,,0.04588748514652252,0.0004534183244686574,,,,393,0.04219730943441391,,377,0.0012060574954375625,,,18.044952392578125,,0.04219730943441391,,31538.676030158997,1693198019.0550652,
99,2.0,0.04287412762641907,,18.192401885986328,,,0.04287412762641907,0.0011529851472005248,,,,395,0.04278111457824707,,379,0.0008980419370345771,,,18.258543014526367,,0.04278111457824707,,31666.01194858551,1693198146.3909836,
100,2.0,0.040791310369968414,,18.318479537963867,,,0.040791310369968414,0.0006783796707168221,,,,396,0.04140022024512291,,380,0.0003685639821924269,,,18.608034133911133,,0.04140022024512291,,31728.50235581398,1693198208.8813908,
101,2.0,0.04730302467942238,,18.43018341064453,,,0.04730302467942238,0.0008019909146241844,,,,397,0.043040208518505096,,381,0.0012402236461639404,,,18.13629722595215,,0.043040208518505096,,31790.825535058975,1693198271.20457,
102,2.0,0.04363125562667847,,18.2041072845459,,,0.04363125562667847,0.0007345110061578453,,,,399,0.04367561638355255,,383,0.0007352815009653568,,,18.578445434570312,,0.04367561638355255,,31915.35732626915,1693198395.7363613,
103,2.0,0.045394882559776306,,18.282257080078125,,,0.045394882559776306,0.0007180325337685645,,,,400,0.041445013135671616,,384,0.0007958228816278279,,,18.0398006439209,,0.041445013135671616,,31977.577330589294,1693198457.9563656,
104,2.0,0.03846963495016098,,18.256290435791016,,,0.03846963495016098,0.0006066506612114608,,,,409,0.04334288462996483,,393,0.00040102170896716416,,,18.414636611938477,,0.04334288462996483,,32539.95002579689,1693199020.3290608,
105,2.0,0.042137131094932556,,18.45435905456543,,,0.042137131094932556,0.0009972858242690563,,,,413,0.04234689474105835,,397,0.0006869000499136746,,,18.490577697753906,,0.04234689474105835,,32789.918652534485,1693199270.2976875,
106,2.0,0.04244072362780571,,18.085569381713867,,,0.04244072362780571,0.0008001807145774364,,,,414,0.044233690947294235,,398,0.0005089339683763683,,,18.356220245361328,,0.044233690947294235,,32852.216814279556,1693199332.5958493,
107,,,1e-06,,,,,,,,,415,,,399,,,,,,,9.999999999999999e-06,32852.24391698837,1693199332.622952,
108,2.0,0.041730403900146484,,18.032827377319336,,,0.041730403900146484,0.0009654658497311175,,,,422,0.04446476697921753,,404,0.0009461434092372656,,,18.288877487182617,,0.04446476697921753,,33226.76879477501,1693199707.1478298,
109,2.0,0.04236029088497162,,18.061988830566406,,,0.04236029088497162,0.001158864819444716,,,,425,0.04637883976101875,,407,0.0006625223904848099,,,18.269535064697266,,0.04637883976101875,,33415.18017697334,1693199895.559212,
110,2.0,0.04253404587507248,,18.43701934814453,,,0.04253404587507248,0.0004902810323983431,,,,433,0.04212002828717232,,415,0.0005457638180814683,,,18.298267364501953,,0.04212002828717232,,33913.92322182655,1693200394.3022568,
111,2.0,0.044078029692173004,,18.178232192993164,,,0.044078029692173004,0.0016914865700528026,,,,434,0.04542219638824463,,416,0.0005425075651146472,,,18.185562133789062,,0.04542219638824463,,33976.935190200806,1693200457.3142252,
112,2.0,0.04239123314619064,,18.241186141967773,,,0.04239123314619064,0.0005780847859568894,,,,438,0.041971802711486816,,420,0.0004892368451692164,,,18.397233963012695,,0.041971802711486816,,34227.35795068741,1693200707.7369857,
113,2.0,0.04219647869467735,,18.217166900634766,,,0.04219647869467735,0.0009191421559080482,,,,442,0.042935535311698914,,424,0.0010587223805487156,,,18.45754623413086,,0.042935535311698914,,34478.09438061714,1693200958.4734156,
114,2.0,0.04575138911604881,,18.85808563232422,,,0.04575138911604881,0.0003947000368498266,,,,462,0.039714962244033813,,444,0.0007211588090285659,,,18.0131778717041,,0.039714962244033813,,35726.172379016876,1693202206.551414,
115,,,1e-06,,,,,,,,,467,,,449,,,,,,,9.999999999999999e-06,35975.34875321388,1693202455.7277882,
116,2.0,0.04623129218816757,,18.375944137573242,,,0.04623129218816757,0.0008629094227217138,,,,469,0.0435662642121315,,449,0.0014384955866262317,,,17.971569061279297,,0.0435662642121315,,36037.70310854912,1693202518.0821435,
117,2.0,0.04507644847035408,,18.469242095947266,,,0.04507644847035408,0.0010123371612280607,,,,471,0.041932106018066406,,451,0.0012124100467190146,,,18.372835159301758,,0.041932106018066406,,36162.18463611603,1693202642.563671,
118,2.0,0.04135093092918396,,18.10157012939453,,,0.04135093092918396,0.0007212758646346629,,,,475,0.04310305416584015,,455,0.0010646050795912743,,,18.582796096801758,,0.04310305416584015,,36411.21340632439,1693202891.5924413,
119,2.0,0.04576548933982849,,18.536386489868164,,,0.04576548933982849,0.0012113332049921155,,,,482,0.0418473519384861,,462,0.0006787886377424002,,,17.819923400878906,,0.0418473519384861,,36848.300221443176,1693203328.6792564,
120,2.0,0.04487645626068115,,19.023937225341797,,,0.04487645626068115,0.0006628587725572288,,,,483,0.03626313805580139,,463,0.0009109919192269444,,,18.239925384521484,,0.03626313805580139,,36910.58323788643,1693203390.962273,
121,2.0,0.042268767952919006,,18.15562629699707,,,0.042268767952919006,0.0007163460832089186,,,,485,0.0431695356965065,,465,0.0006778407841920853,,,18.370386123657227,,0.0431695356965065,,37035.69151711464,1693203516.070552,
122,2.0,0.04132794216275215,,18.4027156829834,,,0.04132794216275215,0.0006251238519325852,,,,488,0.041945930570364,,468,0.0008900380344130099,,,18.419330596923828,,0.041945930570364,,37222.56751918793,1693203702.9465542,
123,2.0,0.044411782175302505,,18.409713745117188,,,0.044411782175302505,0.000986326253041625,,,,493,0.04263747110962868,,473,0.0006128384848125279,,,18.274913787841797,,0.04263747110962868,,37534.93625450134,1693204015.3152895,
124,2.0,0.04537595063447952,,18.365779876708984,,,0.04537595063447952,0.0007313459645956755,,,,495,0.04159751161932945,,475,0.0008079307153820992,,,18.35382843017578,,0.04159751161932945,,37659.63282799721,1693204140.011863,
125,2.0,0.039916396141052246,,18.175708770751953,,,0.039916396141052246,0.0009212568984366953,,,,508,0.04095354676246643,,488,0.00040195713518187404,,,18.55611801147461,,0.04095354676246643,,38470.89737200737,1693204951.276407,
126,2.0,0.0419452041387558,,18.270614624023438,,,0.0419452041387558,0.0012781793484464288,,,,509,0.04639000818133354,,489,0.000924482592381537,,,18.600004196166992,,0.04639000818133354,,38534.27959251404,1693205014.6586275,
127,2.0,0.0442458838224411,,18.556629180908203,,,0.0442458838224411,0.0006744350539520383,,,,512,0.04074174538254738,,492,0.0005607136990875006,,,18.30228614807129,,0.04074174538254738,,38721.569194316864,1693205201.9482293,
128,2.0,0.045590147376060486,,18.228586196899414,,,0.045590147376060486,0.0009231790900230408,,,,517,0.04339936003088951,,497,0.0007748983916826546,,,18.14471435546875,,0.04339936003088951,,39033.65711355209,1693205514.0361485,
129,,,1e-06,,,,,,,,,519,,,499,,,,,,,9.999999999999999e-06,39095.897851228714,1693205576.2768862,
130,2.0,0.042785998433828354,,18.506418228149414,,,0.042785998433828354,0.0006323535344563425,,,,521,0.0421709343791008,,499,0.0006856965483166277,,,18.331151962280273,,0.0421709343791008,,39158.07886862755,1693205638.4579036,
131,2.0,0.04661813750863075,,18.295738220214844,,,0.04661813750863075,0.0008183109457604587,,,,522,0.0433763712644577,,500,0.0010903815273195505,,,18.113895416259766,,0.0433763712644577,,43481.36148428917,1693209961.7405193,
132,2.0,0.04044455662369728,,18.430959701538086,,,0.04044455662369728,0.0010741364676505327,,,,529,0.04442354291677475,,507,0.0006282554240897298,,,19.06121253967285,,0.04442354291677475,,43917.20614910126,1693210397.585184,
133,2.0,0.043857719749212265,,18.36529541015625,,,0.043857719749212265,0.0008199111325666308,,,,532,0.0426616370677948,,510,0.0009000881691463292,,,18.453046798706055,,0.0426616370677948,,44103.97306108475,1693210584.352096,
134,2.0,0.04509205371141434,,18.328277587890625,,,0.04509205371141434,0.00037865707417950034,,,,536,0.04185788333415985,,514,0.0007320069707930088,,,18.32696533203125,,0.04185788333415985,,44353.28967213631,1693210833.6687071,
135,2.0,0.04041033610701561,,18.35602569580078,,,0.04041033610701561,0.0004655797965824604,,,,537,0.042015910148620605,,515,0.0006449867505580187,,,18.456600189208984,,0.042015910148620605,,44415.546327114105,1693210895.925362,
136,2.0,0.0432138666510582,,18.47623062133789,,,0.0432138666510582,0.0007017888128757477,,,,538,0.041044265031814575,,516,0.0013894002186134458,,,18.637365341186523,,0.041044265031814575,,44477.8629026413,1693210958.2419376,
137,2.0,0.043228041380643845,,18.614255905151367,,,0.043228041380643845,0.0007603748235851526,,,,539,0.041247401386499405,,517,0.0008060313411988318,,,18.60649299621582,,0.041247401386499405,,44541.33571219444,1693211021.7147472,
138,2.0,0.044911835342645645,,18.041772842407227,,,0.044911835342645645,0.001484139822423458,,,,540,0.045443158596754074,,518,0.0008066953741945326,,,17.95569610595703,,0.045443158596754074,,44603.75735831261,1693211084.1363933,
139,3.0,0.04149608314037323,,18.40320587158203,,,0.04149608314037323,0.000619881262537092,,,,557,0.04601113498210907,,534,0.0008246481884270906,,,18.61151123046875,,0.04601113498210907,,45601.680045604706,1693212082.0590806,
140,3.0,0.04402010515332222,,18.00103759765625,,,0.04402010515332222,0.0005551826907321811,,,,559,0.045797813683748245,,536,0.000789460027590394,,,18.561073303222656,,0.045797813683748245,,45726.101164102554,1693212206.480199,
141,3.0,0.04674254357814789,,18.254533767700195,,,0.04674254357814789,0.0008004853152669966,,,,570,0.0448492057621479,,547,0.0012754385825246572,,,18.257511138916016,,0.0448492057621479,,46412.501433849335,1693212892.8804688,
142,3.0,0.042643800377845764,,18.61019515991211,,,0.042643800377845764,0.0006504096672870219,,,,583,0.0434102825820446,,558,0.0006025907932780683,,,18.427688598632812,,0.0434102825820446,,47099.05877995491,1693213579.437815,
143,3.0,0.04037468507885933,,18.420860290527344,,,0.04037468507885933,0.0008514484507031739,,,,584,0.04414237290620804,,559,0.0007903947262093425,,,18.832836151123047,,0.04414237290620804,,47161.29222822189,1693213641.6712632,
144,3.0,0.04045651853084564,,18.5944881439209,,,0.04045651853084564,0.0004522184026427567,,,,585,0.04086676239967346,,560,0.0007167760632000864,,,18.82102394104004,,0.04086676239967346,,47224.18777298927,1693213704.566808,
145,3.0,0.043247006833553314,,18.509244918823242,,,0.043247006833553314,0.0006003656890243292,,,,588,0.042267534881830215,,563,0.0010534875327721238,,,18.630874633789062,,0.042267534881830215,,47410.99651288986,1693213891.375548,
146,3.0,0.04225447028875351,,18.48645782470703,,,0.04225447028875351,0.0008402535459026694,,,,603,0.043004125356674194,,578,0.0015156898880377412,,,18.51881980895996,,0.043004125356674194,,48349.82267379761,1693214830.2017088,
147,3.0,0.04257107153534889,,18.577444076538086,,,0.04257107153534889,0.0006042597233317792,,,,606,0.04253493621945381,,581,0.00045362033415585756,,,18.77283477783203,,0.04253493621945381,,48536.66871070862,1693215017.0477457,
148,3.0,0.04449280723929405,,18.64391326904297,,,0.04449280723929405,0.0007756368722766638,,,,612,0.04112126678228378,,587,0.000833085912745446,,,18.06871795654297,,0.04112126678228378,,48910.30757570267,1693215390.6866107,
149,3.0,0.03836902603507042,,18.341657638549805,,,0.03836902603507042,0.0007798534934408963,,,,614,0.04395592585206032,,589,0.0004788539663422853,,,18.703018188476562,,0.04395592585206032,,49034.750972270966,1693215515.1300073,
150,3.0,0.04148926958441734,,18.52880859375,,,0.04148926958441734,0.0006614424637518823,,,,615,0.04154476523399353,,590,0.0007671748753637075,,,18.541147232055664,,0.04154476523399353,,49098.25808429718,1693215578.6371193,
151,3.0,0.03986114263534546,,18.355798721313477,,,0.03986114263534546,0.0007671221392229199,,,,621,0.04350210726261139,,596,0.0006404822925105691,,,18.912525177001953,,0.04350210726261139,,49471.9214887619,1693215952.3005238,
152,,,1e-06,,,,,,,,,624,,,599,,,,,,,9.999999999999999e-06,49597.9604241848,1693216078.3394592,
153,3.0,0.0405358225107193,,18.622716903686523,,,0.0405358225107193,0.0006047445931471884,,,,630,0.04203105717897415,,603,0.0013295806711539626,,,18.884662628173828,,0.04203105717897415,,49912.52837848663,1693216392.9074135,
154,3.0,0.04404044151306152,,18.252260208129883,,,0.04404044151306152,0.0016560277435928583,,,,633,0.046479132026433945,,606,0.001081070862710476,,,18.4102725982666,,0.046479132026433945,,50101.235667943954,1693216581.614703,
155,3.0,0.04403626546263695,,18.643545150756836,,,0.04403626546263695,0.0007186999428085983,,,,634,0.04324661195278168,,607,0.001229724264703691,,,18.612228393554688,,0.04324661195278168,,50164.46385860443,1693216644.8428936,
156,3.0,0.04101509228348732,,18.292634963989258,,,0.04101509228348732,0.0008168561034835875,,,,638,0.04254253953695297,,611,0.0013282432919368148,,,18.631019592285156,,0.04254253953695297,,50413.39438867569,1693216893.7734237,
157,3.0,0.04530114680528641,,18.31435775756836,,,0.04530114680528641,0.0016438731690868735,,,,639,0.045362044125795364,,612,0.0004560145898722112,,,18.18659019470215,,0.045362044125795364,,50475.61167550087,1693216955.9907105,
158,3.0,0.04392566904425621,,19.056671142578125,,,0.04392566904425621,0.0006246990524232388,,,,647,0.03792501986026764,,620,0.0009134612046182156,,,18.251493453979492,,0.03792501986026764,,50974.56394529343,1693217454.9429803,
159,3.0,0.0419841930270195,,18.377967834472656,,,0.0419841930270195,0.0003793969517573714,,,,653,0.04134605824947357,,626,0.0004816230502910912,,,18.380064010620117,,0.04134605824947357,,51351.211203575134,1693217831.5902386,
160,3.0,0.039647337049245834,,18.994182586669922,,,0.039647337049245834,0.0007043463992886245,,,,659,0.03959715738892555,,632,0.0003529165987856686,,,18.737600326538086,,0.03959715738892555,,51725.2853410244,1693218205.664376,
161,3.0,0.04026874899864197,,18.456039428710938,,,0.04026874899864197,0.000797246815636754,,,,665,0.04329937323927879,,638,0.0003939218877349049,,,18.701902389526367,,0.04329937323927879,,52098.92161536217,1693218579.3006504,
162,3.0,0.042219631373882294,,17.973203659057617,,,0.042219631373882294,0.0006601021159440279,,,,667,0.04571015387773514,,640,0.0007768411887809634,,,18.51249885559082,,0.04571015387773514,,52223.27841806412,1693218703.657453,
163,3.0,0.03934607654809952,,18.707130432128906,,,0.03934607654809952,0.0007750861695967615,,,,669,0.04110533371567726,,642,0.0010958494385704398,,,18.96699333190918,,0.04110533371567726,,52348.26447916031,1693218828.6435142,
164,3.0,0.045739755034446716,,18.502531051635742,,,0.045739755034446716,0.0009783499408513308,,,,670,0.043417979031801224,,643,0.0010805472265928984,,,18.147043228149414,,0.043417979031801224,,52410.47989988327,1693218890.8589349,
165,,,1e-06,,,,,,,,,676,,,649,,,,,,,9.999999999999999e-06,52723.318655729294,1693219203.6976907,
166,3.0,0.043265484273433685,,18.374425888061523,,,0.043265484273433685,0.0009065110934898257,,,,678,0.041720081120729446,,649,0.0005515923839993775,,,18.21142578125,,0.041720081120729446,,52785.61985039711,1693219265.9988854,
167,3.0,0.04558467119932175,,18.261051177978516,,,0.04558467119932175,0.0014103502035140991,,,,681,0.047750771045684814,,652,0.0013385633938014507,,,18.253353118896484,,0.047750771045684814,,52973.69192099571,1693219454.070956,
168,3.0,0.043347351253032684,,18.657793045043945,,,0.043347351253032684,0.0007287171902135015,,,,689,0.04202980548143387,,660,0.0008357118349522352,,,18.546979904174805,,0.04202980548143387,,53471.9254219532,1693219952.304457,
169,3.0,0.039102401584386826,,19.149307250976562,,,0.039102401584386826,0.0004975608899258077,,,,699,0.036466795951128006,,670,0.0007986028795130551,,,18.881155014038086,,0.036466795951128006,,54096.30377173424,1693220576.6828067,
170,3.0,0.043879590928554535,,18.58064842224121,,,0.043879590928554535,0.0007239438127726316,,,,706,0.04214267432689667,,677,0.0009129081154242158,,,18.55269432067871,,0.04214267432689667,,54536.09269666672,1693221016.4717317,
171,3.0,0.037958450615406036,,18.787073135375977,,,0.037958450615406036,0.0013399521121755242,,,,707,0.0403236486017704,,678,0.0006105389329604805,,,19.04616928100586,,0.0403236486017704,,54599.23176622391,1693221079.6108012,
172,3.0,0.04611305892467499,,18.60201072692871,,,0.04611305892467499,0.0007741702720522881,,,,715,0.04227230325341225,,686,0.0008259398164227605,,,18.282928466796875,,0.04227230325341225,,55100.93251013756,1693221581.3115451,
173,3.0,0.04416782408952713,,18.62286949157715,,,0.04416782408952713,0.00099336844868958,,,,717,0.04520157724618912,,688,0.0011297321179881692,,,18.43332290649414,,0.04520157724618912,,55225.38898205757,1693221705.768017,
174,3.0,0.0430472232401371,,18.414945602416992,,,0.0430472232401371,0.0011491875629872084,,,,720,0.046876274049282074,,691,0.0007225046283565462,,,18.581153869628906,,0.046876274049282074,,55412.109548568726,1693221892.4885836,
175,3.0,0.04437166079878807,,18.413484573364258,,,0.04437166079878807,0.0005223230691626668,,,,723,0.04284675791859627,,694,0.0007864864310249686,,,18.552024841308594,,0.04284675791859627,,55598.87139034271,1693222079.2504253,
176,3.0,0.04398354887962341,,18.721813201904297,,,0.04398354887962341,0.0005862017860636115,,,,724,0.041049934923648834,,695,0.0007551942253485322,,,18.445598602294922,,0.041049934923648834,,55660.380576610565,1693222140.7596116,
177,4.0,,,,0.05531584471464157,9.999999974752427e-07,,,,18.29462432861328,0.05531584471464157,730,,0.0005572243826463819,699,,,699.0,,,,,55850.63544535637,1693222331.0144804,
178,4.0,0.04013935849070549,,18.947044372558594,,,0.04013935849070549,0.0004049796552862972,,,,731,0.039929840713739395,,699,0.0011228412622585893,,,18.598249435424805,,0.039929840713739395,,55911.69538784027,1693222392.0744228,
179,4.0,0.04020334780216217,,18.252979278564453,,,0.04020334780216217,0.0006731723551638424,,,,732,0.04546206817030907,,700,0.0009427218465134501,,,18.74920082092285,,0.04546206817030907,,55974.10849237442,1693222454.4875274,
180,4.0,0.041076432913541794,,18.704856872558594,,,0.041076432913541794,0.0008860652451403439,,,,735,0.04134964570403099,,703,0.0006775408983230591,,,18.835708618164062,,0.04134964570403099,,56161.320351839066,1693222641.6993868,
181,4.0,0.0438477024435997,,18.726226806640625,,,0.0438477024435997,0.0009370360057801008,,,,745,0.04073731601238251,,713,0.0018143600318580866,,,18.31812858581543,,0.04073731601238251,,56785.18234562874,1693223265.5613806,
182,4.0,0.03914298117160797,,18.609821319580078,,,0.03914298117160797,0.00033868016907945275,,,,746,0.03939155861735344,,714,0.00083942647324875,,,18.740764617919922,,0.03939155861735344,,56847.41975188255,1693223327.7987869,
183,4.0,0.043069109320640564,,18.605144500732422,,,0.043069109320640564,0.0017516521038487554,,,,748,0.045044876635074615,,716,0.0013669292675331235,,,18.53045654296875,,0.045044876635074615,,56972.18819594383,1693223452.567231,
184,4.0,0.043859370052814484,,18.304412841796875,,,0.043859370052814484,0.0007332267705351114,,,,751,0.04283152520656586,,719,0.0008404188556596637,,,18.151533126831055,,0.04283152520656586,,57160.46877980232,1693223640.8478148,
185,4.0,0.0421423576772213,,18.864503860473633,,,0.0421423576772213,0.000384983402909711,,,,752,0.040078770369291306,,720,0.0013576564379036427,,,18.56584930419922,,0.040078770369291306,,57222.64545726776,1693223703.0244923,
186,4.0,0.044837258756160736,,18.435972213745117,,,0.044837258756160736,0.0014681665925309062,,,,756,0.04537126421928406,,724,0.000976108480244875,,,18.46916961669922,,0.04537126421928406,,57471.73479676247,1693223952.1138318,
187,4.0,0.038404714316129684,,18.88894271850586,,,0.038404714316129684,0.0011966823367401958,,,,766,0.04181428998708725,,734,0.0004892412107437849,,,18.93206024169922,,0.04181428998708725,,58094.27790093422,1693224574.656936,
188,4.0,0.041938990354537964,,18.561630249023438,,,0.041938990354537964,0.0011095802765339613,,,,767,0.04075005277991295,,735,0.0004437434836290777,,,18.66400146484375,,0.04075005277991295,,58156.65859389305,1693224637.037629,
189,4.0,0.040622591972351074,,18.619354248046875,,,0.040622591972351074,0.0008129912312142551,,,,778,0.04274163395166397,,746,0.0005066277808509767,,,19.02352523803711,,0.04274163395166397,,58841.717641592026,1693225322.0966766,
190,4.0,0.04630524665117264,,18.65753936767578,,,0.04630524665117264,0.0009258597274310887,,,,780,0.042434971779584885,,748,0.0010120031656697392,,,18.274293899536133,,0.042434971779584885,,58966.176377534866,1693225446.5554125,
191,,,1e-06,,,,,,,,,781,,,749,,,,,,,9.999999999999999e-06,58966.20534992218,1693225446.584385,
192,4.0,0.043273020535707474,,18.648235321044922,,,0.043273020535707474,0.0005014442722313106,,,,783,0.041962917894124985,,749,0.0007811561808921397,,,18.477148056030273,,0.041962917894124985,,59028.35376787186,1693225508.7328029,
193,4.0,0.041766222566366196,,18.392614364624023,,,0.041766222566366196,0.0007302351295948029,,,,787,0.042845889925956726,,753,0.0005188468494452536,,,18.30756950378418,,0.042845889925956726,,63533.76131486893,1693230014.1403499,
194,4.0,0.044868722558021545,,18.967512130737305,,,0.044868722558021545,0.0003750064643099904,,,,790,0.039875634014606476,,756,0.0008054774370975792,,,18.217065811157227,,0.039875634014606476,,63720.436530828476,1693230200.8155658,
195,4.0,0.04424743354320526,,18.08884620666504,,,0.04424743354320526,0.0010249896440654993,,,,793,0.04461022838950157,,759,0.0006493880646303296,,,18.511898040771484,,0.04461022838950157,,63907.110157728195,1693230387.4891927,
196,4.0,0.042779963463544846,,18.36968421936035,,,0.042779963463544846,0.0005031608161516488,,,,797,0.040415532886981964,,763,0.0005233334377408028,,,18.445016860961914,,0.040415532886981964,,64156.14940071106,1693230636.5284357,
197,4.0,0.04099927842617035,,18.63700294494629,,,0.04099927842617035,0.0009009148343466222,,,,805,0.0426480807363987,,771,0.00047573554911650717,,,18.556455612182617,,0.0426480807363987,,64653.97242927551,1693231134.3514643,
198,4.0,0.039940912276506424,,18.786462783813477,,,0.039940912276506424,0.0007474014419130981,,,,808,0.04049834981560707,,774,0.0008098409743979573,,,18.87713050842285,,0.04049834981560707,,64840.70667886734,1693231321.0857139,
199,4.0,0.03769436106085777,,18.55522346496582,,,0.03769436106085777,0.0004936091136187315,,,,811,0.04172610864043236,,777,0.00044041022192686796,,,19.13242530822754,,0.04172610864043236,,65027.69384741783,1693231508.0728824,
200,4.0,0.043671686202287674,,18.493518829345703,,,0.043671686202287674,0.000778200919739902,,,,814,0.04393213242292404,,780,0.0007401103503070772,,,18.494335174560547,,0.04393213242292404,,65214.28375291824,1693231694.662788,
201,4.0,0.03946680575609207,,18.790586471557617,,,0.03946680575609207,0.0007754588732495904,,,,822,0.04189718887209892,,788,0.000579029496293515,,,18.87615966796875,,0.04189718887209892,,65713.15537333488,1693232193.5344083,
202,4.0,0.039680663496255875,,18.93749237060547,,,0.039680663496255875,0.0007686000899411738,,,,827,0.0418732576072216,,793,0.0009684456745162606,,,18.96697998046875,,0.0418732576072216,,66025.16933393478,1693232505.548369,
203,4.0,0.0369689054787159,,18.71491050720215,,,0.0369689054787159,0.0012946544447913766,,,,829,0.04301469400525093,,795,0.0004143844998907298,,,18.904277801513672,,0.04301469400525093,,66149.58115935326,1693232629.9601943,
204,4.0,0.04279199242591858,,18.563709259033203,,,0.04279199242591858,0.0010412363335490227,,,,841,0.04374923184514046,,805,0.0008010907913558185,,,18.269243240356445,,0.04374923184514046,,66772.96647977829,1693233253.3455148,
205,4.0,0.04223576933145523,,18.514083862304688,,,0.04223576933145523,0.0009895337279886007,,,,845,0.04318084567785263,,809,0.0010271229548379779,,,18.75345230102539,,0.04318084567785263,,67024.69800257683,1693233505.0770376,
206,4.0,0.0461072139441967,,18.827011108398438,,,0.0461072139441967,0.0008720994810573757,,,,851,0.040807802230119705,,815,0.00097184773767367,,,18.242515563964844,,0.040807802230119705,,67398.24448633194,1693233878.6235213,
207,4.0,0.04500560462474823,,18.92738151550293,,,0.04500560462474823,0.0004976773052476346,,,,857,0.0394064337015152,,821,0.0010587520664557815,,,18.487276077270508,,0.0394064337015152,,67771.77170395851,1693234252.150739,
208,4.0,0.03732293099164963,,18.49239730834961,,,0.03732293099164963,0.0016539683565497398,,,,865,0.04325477406382561,,829,0.0007722183945588768,,,19.18168830871582,,0.04325477406382561,,68270.89328622818,1693234751.2723212,
209,4.0,0.03878477215766907,,18.863903045654297,,,0.03878477215766907,0.0008632275275886059,,,,870,0.042275141924619675,,834,0.0008279860485345125,,,19.369552612304688,,0.042275141924619675,,68582.141777277,1693235062.5208123,
210,4.0,0.04452868178486824,,18.92896842956543,,,0.04452868178486824,0.0006078683072701097,,,,874,0.039796505123376846,,838,0.000752427033148706,,,18.426958084106445,,0.039796505123376846,,68831.25857543945,1693235311.6376104,
211,4.0,0.04105355590581894,,18.870990753173828,,,0.04105355590581894,0.0006041747401468456,,,,877,0.04133797064423561,,841,0.00047977783833630383,,,18.554533004760742,,0.04133797064423561,,69018.23924541473,1693235498.6182804,
212,4.0,0.044383324682712555,,18.252887725830078,,,0.044383324682712555,0.0007627098239026964,,,,883,0.04406982287764549,,847,0.0008329833508469164,,,18.33713722229004,,0.04406982287764549,,69391.50588321686,1693235871.8849182,
213,4.0,0.036935336887836456,,18.623382568359375,,,0.036935336887836456,0.0006927305366843939,,,,887,0.041292544454336166,,849,0.00033755996264517307,,,18.95027732849121,,0.041292544454336166,,69516.40723657608,1693235996.7862716,
214,4.0,0.04286114126443863,,18.747285842895508,,,0.04286114126443863,0.0004538335488177836,,,,888,0.03950345516204834,,850,0.0007432954153046012,,,18.676149368286133,,0.03950345516204834,,69579.11195588112,1693236059.4909909,
215,4.0,0.04221231862902641,,19.046363830566406,,,0.04221231862902641,0.0008817701600492001,,,,892,0.037596266716718674,,854,0.000610975141171366,,,18.643985748291016,,0.037596266716718674,,69827.97160434723,1693236308.3506393,
216,4.0,0.04709791764616966,,18.81200408935547,,,0.04709791764616966,0.0007791575044393539,,,,897,0.04318182170391083,,859,0.001186774461530149,,,18.09144401550293,,0.04318182170391083,,70139.30823397636,1693236619.687269,
217,4.0,0.04338344559073448,,18.705623626708984,,,0.04338344559073448,0.0011205278569832444,,,,901,0.042253222316503525,,863,0.0006704702391289175,,,18.516937255859375,,0.042253222316503525,,70388.12705564499,1693236868.5060906,
218,4.0,0.040894024074077606,,18.57712173461914,,,0.040894024074077606,0.00042397610377520323,,,,903,0.04090620577335358,,865,0.0007834429270587862,,,18.86285972595215,,0.04090620577335358,,70512.69400119781,1693236993.0730362,
219,4.0,0.039354585111141205,,18.6149959564209,,,0.039354585111141205,0.0009828513721004128,,,,907,0.04216628894209862,,869,0.00045816219062544405,,,18.89386558532715,,0.04216628894209862,,70761.00280070305,1693237241.3818357,
220,5.0,0.039621204137802124,,19.002696990966797,,,0.039621204137802124,0.00037098609027452767,,,,909,0.0397716648876667,,870,0.0007418617024086416,,,18.96367645263672,,0.0397716648876667,,70823.76382565498,1693237304.1428607,
221,5.0,0.04491489380598068,,18.906875610351562,,,0.04491489380598068,0.0009590910049155354,,,,923,0.04047676920890808,,884,0.0009113277774304152,,,18.346153259277344,,0.04047676920890808,,71697.69473958015,1693238178.0737746,
222,5.0,0.04388438165187836,,18.664358139038086,,,0.04388438165187836,0.0005925390287302434,,,,926,0.04061952978372574,,887,0.0012125070206820965,,,18.682479858398438,,0.04061952978372574,,71884.48846530914,1693238364.8675003,
223,5.0,0.04330343008041382,,18.405107498168945,,,0.04330343008041382,0.0005856219213455915,,,,927,0.04345259815454483,,888,0.0011212258832529187,,,18.42354965209961,,0.04345259815454483,,71946.73295688629,1693238427.111992,
224,5.0,0.038935720920562744,,18.758089065551758,,,0.038935720920562744,0.001316672656685114,,,,932,0.03906722739338875,,893,0.0006382790161296725,,,18.751205444335938,,0.03906722739338875,,72258.02394294739,1693238738.402978,
225,5.0,0.044001270085573196,,18.27880859375,,,0.044001270085573196,0.0006946887006051838,,,,933,0.046713996678590775,,894,0.00064369774190709,,,18.592185974121094,,0.046713996678590775,,72320.26256918907,1693238800.6416042,
226,5.0,0.04471932724118233,,18.79921531677246,,,0.04471932724118233,0.001079302397556603,,,,937,0.04367152228951454,,898,0.0006896446575410664,,,18.49166488647461,,0.04367152228951454,,72569.21444368362,1693239049.5934787,
227,5.0,0.039757076650857925,,18.573623657226562,,,0.039757076650857925,0.0007732232334092259,,,,941,0.043687693774700165,,900,0.0006085886270739138,,,18.856075286865234,,0.043687693774700165,,72693.75346708298,1693239174.132502,
228,5.0,0.04051757976412773,,18.98712730407715,,,0.04051757976412773,0.0007417912711389363,,,,945,0.04110909625887871,,904,0.0005441071116365492,,,18.98895263671875,,0.04110909625887871,,72943.14978551865,1693239423.5288205,
229,5.0,0.04070577025413513,,18.30292320251465,,,0.04070577025413513,0.0011090995976701379,,,,951,0.04520619288086891,,910,0.000529879704117775,,,18.80292320251465,,0.04520619288086891,,73316.49000930786,1693239796.8690443,
230,5.0,0.043728575110435486,,18.211444854736328,,,0.043728575110435486,0.0011399961076676846,,,,964,0.044987041503190994,,923,0.0007837010198272765,,,18.50415802001953,,0.044987041503190994,,74125.66186785698,1693240606.0409029,
231,5.0,0.04594144970178604,,18.46516227722168,,,0.04594144970178604,0.0007074336754158139,,,,966,0.04248629882931709,,925,0.0013481570640578866,,,18.326618194580078,,0.04248629882931709,,74250.16543793678,1693240730.544473,
232,5.0,0.045364733785390854,,18.769046783447266,,,0.045364733785390854,0.0011806903639808297,,,,967,0.04216186702251434,,926,0.0008589697536081076,,,18.534669876098633,,0.04216186702251434,,74312.39979457855,1693240792.7788296,
233,5.0,0.04328782483935356,,18.41240119934082,,,0.04328782483935356,0.000372509442968294,,,,970,0.04002095386385918,,929,0.0004156357317697257,,,18.633272171020508,,0.04002095386385918,,74499.07759666443,1693240979.4566317,
234,5.0,0.03967076539993286,,18.901123046875,,,0.03967076539993286,0.000733649474568665,,,,973,0.03884225711226463,,932,0.0006297923973761499,,,19.12466812133789,,0.03884225711226463,,74685.95801186562,1693241166.3370469,
235,5.0,0.0426245778799057,,18.94391441345215,,,0.0426245778799057,0.0006101258331909776,,,,977,0.04023589938879013,,936,0.0006228476413525641,,,18.533748626708984,,0.04023589938879013,,74935.60603737831,1693241415.9850724,
236,5.0,0.039191246032714844,,19.11971092224121,,,0.039191246032714844,0.000715861504431814,,,,985,0.038609448820352554,,944,0.0005868245498277247,,,18.88538932800293,,0.038609448820352554,,75433.78551387787,1693241914.1645489,
237,,,1e-06,,,,,,,,,990,,,949,,,,,,,9.999999999999999e-06,75683.21205449104,1693242163.5910895,
238,5.0,0.042263180017471313,,18.17432403564453,,,0.042263180017471313,0.0005880745011381805,,,,993,0.04426873102784157,,950,0.0008098793914541602,,,18.70681381225586,,0.04426873102784157,,75808.47901940346,1693242288.8580544,
239,5.0,0.041623976081609726,,18.32651710510254,,,0.041623976081609726,0.0004399192694108933,,,,1016,0.04266304522752762,,973,0.000610619958024472,,,18.966609954833984,,0.04266304522752762,,77241.03545713425,1693243721.4144921,
240,5.0,0.042223960161209106,,18.523759841918945,,,0.042223960161209106,0.000785511510912329,,,,1026,0.04278940707445145,,983,0.0012916701380163431,,,18.890504837036133,,0.04278940707445145,,77865.49404335022,1693244345.8730783,
241,5.0,0.04254161939024925,,18.637205123901367,,,0.04254161939024925,0.00034815474646165967,,,,1030,0.04042193293571472,,987,0.0005453976918943226,,,18.622928619384766,,0.04042193293571472,,78114.6588730812,1693244595.037908,
242,5.0,0.03975416719913483,,18.899349212646484,,,0.03975416719913483,0.0004906822578050196,,,,1033,0.04089724272489548,,990,0.00040817103581503034,,,18.74470329284668,,0.04089724272489548,,78301.407548666,1693244781.7865837,
243,5.0,0.04215555265545845,,18.73940086364746,,,0.04215555265545845,0.0011610410874709487,,,,1036,0.043816350400447845,,993,0.0010015486041083932,,,18.930238723754883,,0.043816350400447845,,78488.13876700401,1693244968.517802,
244,5.0,0.042468808591365814,,18.601919174194336,,,0.042468808591365814,0.0008828627760522068,,,,1038,0.04094725474715233,,995,0.0008268326637335122,,,18.767179489135742,,0.04094725474715233,,78612.63487291336,1693245093.013908,
245,5.0,0.04429569095373154,,18.560876846313477,,,0.04429569095373154,0.0009896777337417006,,,,1049,0.041820228099823,,1004,0.0007296285475604236,,,18.411991119384766,,0.041820228099823,,83430.2180712223,1693249910.5971062,
246,5.0,0.04429354891180992,,18.828371047973633,,,0.04429354891180992,0.0008974839583970606,,,,1053,0.03972058370709419,,1008,0.001484588603489101,,,18.557605743408203,,0.03972058370709419,,83679.55324912071,1693250159.932284,
247,5.0,0.04390925541520119,,18.136911392211914,,,0.04390925541520119,0.0011629846412688494,,,,1057,0.04720112681388855,,1012,0.001262091682292521,,,18.42461395263672,,0.04720112681388855,,83928.52065205574,1693250408.899687,
248,5.0,0.041253503412008286,,18.65618896484375,,,0.041253503412008286,0.0006373465294018388,,,,1058,0.04249533638358116,,1013,0.0007003353675827384,,,18.658313751220703,,0.04249533638358116,,83990.73434662819,1693250471.1133816,
249,5.0,0.03974252939224243,,18.554418563842773,,,0.03974252939224243,0.0010202937992289662,,,,1061,0.043445296585559845,,1016,0.0009218315244652331,,,18.812707901000977,,0.043445296585559845,,84177.4953610897,1693250657.874396,
250,5.0,0.041637446731328964,,18.81783676147461,,,0.041637446731328964,0.0007544633117504418,,,,1065,0.0414346344769001,,1020,0.0006185601814649999,,,18.62057113647461,,0.0414346344769001,,84427.91375041008,1693250908.2927854,
251,5.0,0.04315398260951042,,18.4493350982666,,,0.04315398260951042,0.000711692962795496,,,,1067,0.043116502463817596,,1022,0.000888291746377945,,,18.721921920776367,,0.043116502463817596,,84552.51396584511,1693251032.8930008,
252,5.0,0.044386230409145355,,18.387218475341797,,,0.044386230409145355,0.0007795579149387777,,,,1072,0.04525340721011162,,1027,0.0008377549238502979,,,18.408180236816406,,0.04525340721011162,,84863.53146648407,1693251343.9105015,
253,5.0,0.04174136370420456,,18.9130802154541,,,0.04174136370420456,0.0006559843895956874,,,,1079,0.04008995369076729,,1034,0.0013103276723995805,,,18.735363006591797,,0.04008995369076729,,85299.1806807518,1693251779.5597157,
254,5.0,0.04268664866685867,,18.75173568725586,,,0.04268664866685867,0.000944881874602288,,,,1080,0.04146775230765343,,1035,0.0007608829764649272,,,18.52754783630371,,0.04146775230765343,,85361.35221195221,1693251841.731247,
255,5.0,0.043675221502780914,,18.954133987426758,,,0.043675221502780914,0.0007833168492652476,,,,1082,0.03966802358627319,,1037,0.0004931415314786136,,,18.462770462036133,,0.03966802358627319,,85485.77318501472,1693251966.15222,
256,5.0,0.041764501482248306,,19.240463256835938,,,0.041764501482248306,0.00043921280303038657,,,,1084,0.03687247261404991,,1039,0.0007273090304806828,,,18.6434268951416,,0.03687247261404991,,85610.1591463089,1693252090.5381813,
257,6.0,0.03826747089624405,,18.938146591186523,,,0.03826747089624405,0.0014286809600889683,,,,1100,0.04124666750431061,,1052,0.00042071560164913535,,,18.82714080810547,,0.04124666750431061,,86420.97975850105,1693252901.3587935,
258,6.0,0.04184610769152641,,18.578624725341797,,,0.04184610769152641,0.0007012295536696911,,,,1103,0.04189525917172432,,1055,0.0011279511963948607,,,18.704675674438477,,0.04189525917172432,,86607.8892159462,1693253088.268251,
259,6.0,0.037595484405756,,19.01422882080078,,,0.037595484405756,0.0005763934459537268,,,,1107,0.04133938252925873,,1059,0.00032810078118927777,,,19.016855239868164,,0.04133938252925873,,86856.74722313881,1693253337.1262581,
260,6.0,0.04085507616400719,,18.439865112304688,,,0.04085507616400719,0.0008881629910320044,,,,1108,0.042568035423755646,,1060,0.0009069759398698807,,,18.936912536621094,,0.042568035423755646,,86918.91860032082,1693253399.2976353,
261,6.0,0.03882846236228943,,19.11687469482422,,,0.03882846236228943,0.0008489469764754176,,,,1117,0.04118817672133446,,1069,0.0004366559733171016,,,19.099288940429688,,0.04118817672133446,,87479.05864715576,1693253959.4376822,
262,6.0,0.03895056992769241,,19.021286010742188,,,0.03895056992769241,0.0007421040209010243,,,,1118,0.039260052144527435,,1070,0.0009091137908399105,,,19.19908905029297,,0.039260052144527435,,87541.25950622559,1693254021.6385412,
263,6.0,0.04168771579861641,,19.02649688720703,,,0.04168771579861641,0.0005554883391596377,,,,1119,0.039694011211395264,,1071,0.0009472124511376023,,,18.463918685913086,,0.039694011211395264,,87603.51411437988,1693254083.8931494,
264,6.0,0.04208871349692345,,18.562931060791016,,,0.04208871349692345,0.0006658851052634418,,,,1126,0.04075159877538681,,1078,0.0005826704436913133,,,18.713844299316406,,0.04075159877538681,,88039.6031241417,1693254519.9821591,
265,6.0,0.04222302883863449,,18.64480972290039,,,0.04222302883863449,0.0005012135370634496,,,,1131,0.041900552809238434,,1083,0.0010022661881521344,,,18.506532669067383,,0.041900552809238434,,88350.58321070671,1693254830.9622457,
266,6.0,0.04106833040714264,,18.689680099487305,,,0.04106833040714264,0.0011078420793637633,,,,1136,0.04172104597091675,,1088,0.0007856313604861498,,,18.68900489807129,,0.04172104597091675,,88661.70742607117,1693255142.086461,
267,6.0,0.04018991440534592,,19.06990623474121,,,0.04018991440534592,0.0009598064352758229,,,,1145,0.03981560096144676,,1097,0.0005818451172672212,,,19.189529418945312,,0.03981560096144676,,89226.88662004471,1693255707.265655,
268,6.0,0.040406469255685806,,18.680927276611328,,,0.040406469255685806,0.000868206552695483,,,,1154,0.04066053777933121,,1104,0.0007148481090553105,,,18.853246688842773,,0.04066053777933121,,89662.34780168533,1693256142.7268367,
269,6.0,0.04295417666435242,,18.412263870239258,,,0.04295417666435242,0.0008559325360693038,,,,1158,0.04423025622963905,,1108,0.0012518652947619557,,,18.713903427124023,,0.04423025622963905,,89911.10803771019,1693256391.4870727,
270,6.0,0.04257996380329132,,18.639253616333008,,,0.04257996380329132,0.0008059105020947754,,,,1162,0.03931623697280884,,1112,0.000908553774934262,,,18.79499053955078,,0.03931623697280884,,90160.65024518967,1693256641.0292802,
271,6.0,0.03923926502466202,,18.769691467285156,,,0.03923926502466202,0.0006952155963517725,,,,1164,0.04225172474980354,,1114,0.00047057183110155165,,,19.177549362182617,,0.04225172474980354,,90285.44551110268,1693256765.824546,
272,6.0,0.03998328372836113,,18.659772872924805,,,0.03998328372836113,0.0011372151784598827,,,,1168,0.04509355127811432,,1118,0.0003730113385245204,,,18.806039810180664,,0.04509355127811432,,90534.18375682831,1693257014.5627918,
273,6.0,0.0421493761241436,,18.20234489440918,,,0.0421493761241436,0.0006123926141299307,,,,1170,0.045668959617614746,,1120,0.001101007335819304,,,18.695486068725586,,0.045668959617614746,,90658.907736063,1693257139.286771,
274,6.0,0.04311307519674301,,18.741369247436523,,,0.04311307519674301,0.0007658052491024137,,,,1173,0.041590236127376556,,1123,0.0008341831853613257,,,18.522720336914062,,0.041590236127376556,,90847.10658478737,1693257327.4856198,
275,6.0,0.03973213955760002,,18.869951248168945,,,0.03973213955760002,0.0004819427558686584,,,,1176,0.0376729741692543,,1126,0.0007566633867099881,,,18.80657386779785,,0.0376729741692543,,91034.22753047943,1693257514.6065655,
276,6.0,0.043549805879592896,,19.023950576782227,,,0.043549805879592896,0.0009665475226938725,,,,1182,0.04019616171717644,,1132,0.0010571860475465655,,,18.583267211914062,,0.04019616171717644,,91408.71073770523,1693257889.0897727,
277,6.0,0.04222538694739342,,18.8192195892334,,,0.04222538694739342,0.001112098922021687,,,,1189,0.04134080559015274,,1139,0.001043612603098154,,,18.73706817626953,,0.04134080559015274,,91845.01680016518,1693258325.3958352,
278,6.0,0.04274907335639,,18.923864364624023,,,0.04274907335639,0.0007129541481845081,,,,1190,0.03991874307394028,,1140,0.0007623024866916239,,,18.840473175048828,,0.03991874307394028,,91907.37794518471,1693258387.7569802,
279,6.0,0.044156696647405624,,19.056293487548828,,,0.044156696647405624,0.0005487570888362825,,,,1191,0.03981548920273781,,1141,0.0007347103673964739,,,18.68958854675293,,0.03981548920273781,,91969.53350901604,1693258449.912544,
280,6.0,0.040561430156230927,,18.313236236572266,,,0.040561430156230927,0.0007835389114916325,,,,1196,0.04506468400359154,,1146,0.0007611732580699027,,,18.72989273071289,,0.04506468400359154,,92284.22183871269,1693258764.6008737,
281,6.0,0.043094705790281296,,18.59357261657715,,,0.043094705790281296,0.0005774149904027581,,,,1198,0.043133825063705444,,1148,0.0008474845089949667,,,18.49911880493164,,0.043133825063705444,,92410.89259672165,1693258891.2716317,
282,,,1e-06,,,,,,,,,1199,,,1149,,,,,,,9.999999999999999e-06,92410.91806125641,1693258891.2970963,
283,6.0,0.042968764901161194,,18.49875831604004,,,0.042968764901161194,0.0008747245301492512,,,,1202,0.043461594730615616,,1150,0.001148007926531136,,,18.784626007080078,,0.043461594730615616,,92535.40633249283,1693259015.7853675,
284,6.0,0.0398891344666481,,18.936721801757812,,,0.0398891344666481,0.0009913359535858035,,,,1215,0.04034251347184181,,1163,0.0007619270472787321,,,18.729755401611328,,0.04034251347184181,,93344.7951798439,1693259825.1742148,
285,6.0,0.043801337480545044,,19.086400985717773,,,0.043801337480545044,0.0005194278783164918,,,,1218,0.037464797496795654,,1166,0.0006699168588966131,,,18.395160675048828,,0.037464797496795654,,93531.43653964996,1693260011.8155746,
286,6.0,0.03831558674573898,,18.778621673583984,,,0.03831558674573898,0.0010324451141059399,,,,1223,0.04364299774169922,,1171,0.0005645686760544777,,,19.154298782348633,,0.04364299774169922,,93842.69699215889,1693260323.0760272,
287,6.0,0.04234865680336952,,18.896390914916992,,,0.04234865680336952,0.000684461323544383,,,,1226,0.039652641862630844,,1174,0.0005695000290870667,,,18.557416915893555,,0.039652641862630844,,94031.77477288246,1693260512.1538079,
288,6.0,0.0404847227036953,,18.911941528320312,,,0.0404847227036953,0.0012973755365237594,,,,1227,0.04046984389424324,,1175,0.0006662426167167723,,,18.959877014160156,,0.04046984389424324,,94094.49577903748,1693260574.874814,
289,6.0,0.04390718415379524,,19.00058937072754,,,0.04390718415379524,0.0013051137793809175,,,,1239,0.041669707745313644,,1187,0.001076191896572709,,,18.62325096130371,,0.041669707745313644,,94841.71046710014,1693261322.089502,
290,6.0,0.040824685245752335,,18.69924545288086,,,0.040824685245752335,0.0008108019828796387,,,,1240,0.04213486984372139,,1188,0.0009424295858480036,,,18.90965461730957,,0.04213486984372139,,94904.03129792213,1693261384.410333,
291,6.0,0.04078930988907814,,19.03308868408203,,,0.04078930988907814,0.0010592362377792597,,,,1243,0.041480645537376404,,1191,0.0009664025856181979,,,19.16666030883789,,0.041480645537376404,,95090.98324394226,1693261571.362279,
292,6.0,0.04298562556505203,,18.970691680908203,,,0.04298562556505203,0.0008656996651552618,,,,1246,0.03968237712979317,,1194,0.0007901453645899892,,,18.652706146240234,,0.03968237712979317,,95277.80320262909,1693261758.1822376,
293,6.0,0.03914863243699074,,18.4106502532959,,,0.03914863243699074,0.0009436235995963216,,,,1254,0.044895414263010025,,1200,0.0004195670480839908,,,19.228755950927734,,0.044895414263010025,,95651.32793688774,1693262131.706972,
294,6.0,0.04080924019217491,,18.416994094848633,,,0.04080924019217491,0.0006425923202186823,,,,1268,0.0411846786737442,,1214,0.000999334384687245,,,18.78380584716797,,0.0411846786737442,,96526.71934103966,1693263007.098376,
295,6.0,0.04258861020207405,,19.385719299316406,,,0.04258861020207405,0.0009965080535039306,,,,1270,0.038278914988040924,,1216,0.0011008436558768153,,,18.488666534423828,,0.038278914988040924,,96651.23635053635,1693263131.6153855,
296,6.0,0.04337429255247116,,18.88672637939453,,,0.04337429255247116,0.0009328823070973158,,,,1271,0.04085982218384743,,1217,0.0004883796791546047,,,18.758838653564453,,0.04085982218384743,,96712.82291865349,1693263193.2019536,
297,7.0,0.03905682638287544,,18.737688064575195,,,0.03905682638287544,0.000750847568269819,,,,1275,0.040593646466732025,,1220,0.0010875171283259988,,,18.90913200378418,,0.040593646466732025,,96900.52594304085,1693263380.904978,
298,7.0,0.04497534781694412,,18.953887939453125,,,0.04497534781694412,0.00040094429277814925,,,,1290,0.04086816683411598,,1235,0.0011086338199675083,,,18.174217224121094,,0.04086816683411598,,97834.5821967125,1693264314.9612317,
299,7.0,0.04324677959084511,,18.88756561279297,,,0.04324677959084511,0.0007905621314421296,,,,1293,0.0400092676281929,,1238,0.0007811528048478067,,,18.525236129760742,,0.0400092676281929,,98023.07193112373,1693264503.4509661,
300,7.0,0.03770022839307785,,19.297622680664062,,,0.03770022839307785,0.0009317936492152512,,,,1294,0.03848449885845184,,1239,0.0003799817059189081,,,19.186622619628906,,0.03848449885845184,,98085.31862616539,1693264565.6976612,
301,7.0,0.03901747986674309,,19.278850555419922,,,0.03901747986674309,0.0005604861653409898,,,,1301,0.04004906117916107,,1246,0.0003600425261538476,,,19.00868797302246,,0.04004906117916107,,98521.65467190742,1693265002.033707,
302,7.0,0.04153354838490486,,18.804441452026367,,,0.04153354838490486,0.0003900876035913825,,,,1308,0.041484951972961426,,1251,0.0008887990261428058,,,18.72909164428711,,0.041484951972961426,,103088.16241073608,1693269568.5414457,
303,7.0,0.04082890972495079,,18.793981552124023,,,0.04082890972495079,0.000641598307993263,,,,1324,0.04174879193305969,,1267,0.000990356202237308,,,18.7384033203125,,0.04174879193305969,,104084.02416157722,1693270564.4031966,
304,7.0,0.04120192304253578,,18.724943161010742,,,0.04120192304253578,0.0008828905993141234,,,,1326,0.0423286035656929,,1269,0.001079096575267613,,,18.794185638427734,,0.0423286035656929,,104209.07916426659,1693270689.4581993,
305,7.0,0.040611959993839264,,18.238801956176758,,,0.040611959993839264,0.0008010350866243243,,,,1327,0.0426454059779644,,1270,0.0014298597816377878,,,19.06629180908203,,0.0426454059779644,,104271.30631637573,1693270751.6853514,
306,7.0,0.03795205429196358,,18.65541648864746,,,0.03795205429196358,0.00045535582466982305,,,,1332,0.041766464710235596,,1275,0.0004903147928416729,,,19.099637985229492,,0.041766464710235596,,104582.42156624794,1693271062.8006012,
307,7.0,0.041135240346193314,,18.889339447021484,,,0.041135240346193314,0.000598562357481569,,,,1338,0.03971900790929794,,1281,0.001219384022988379,,,18.843202590942383,,0.03971900790929794,,104957.48440337181,1693271437.8634384,
308,7.0,0.0420851893723011,,19.05651092529297,,,0.0420851893723011,0.000467192119685933,,,,1344,0.03831997141242027,,1287,0.0009376927628181875,,,18.41368293762207,,0.03831997141242027,,105331.47890138626,1693271811.8579364,
309,7.0,0.038029901683330536,,18.893348693847656,,,0.038029901683330536,0.0009027670021168888,,,,1351,0.042050812393426895,,1294,0.00038561111432500184,,,19.03964614868164,,0.042050812393426895,,105766.80674743652,1693272247.1857824,
310,7.0,,,,0.047104835510253906,9.999999974752427e-07,,,,17.934585571289062,0.047104835510253906,1357,,0.0004036820027977228,1299,,,1299.0,,,,,106017.40463089943,1693272497.783666,
311,7.0,0.04074003919959068,,19.070343017578125,,,0.04074003919959068,0.0007949203718453646,,,,1364,0.03878837078809738,,1305,0.0009565745713189244,,,18.908203125,,0.03878837078809738,,106454.60958909988,1693272934.988624,
312,7.0,0.043873656541109085,,18.583375930786133,,,0.043873656541109085,0.0008112725336104631,,,,1371,0.04196435585618019,,1312,0.0006848352495580912,,,18.5491886138916,,0.04196435585618019,,106892.7214281559,1693273373.1004632,
313,7.0,0.044174924492836,,19.04265594482422,,,0.044174924492836,0.001114694750867784,,,,1376,0.04266057908535004,,1317,0.0012644865782931447,,,18.423551559448242,,0.04266057908535004,,107203.85810351372,1693273684.2371385,
314,7.0,0.04161430522799492,,18.335172653198242,,,0.04161430522799492,0.0006064079352654517,,,,1391,0.044451676309108734,,1332,0.0006493006949312985,,,18.88831901550293,,0.044451676309108734,,108138.19868373871,1693274618.5777187,
315,7.0,0.042689815163612366,,19.276165008544922,,,0.042689815163612366,0.0006656094337813556,,,,1402,0.037674110382795334,,1343,0.0010687015019357204,,,18.783498764038086,,0.037674110382795334,,108823.39263153076,1693275303.7716665,
316,7.0,0.04224226996302605,,18.776399612426758,,,0.04224226996302605,0.0004192624182906002,,,,1403,0.04047612100839615,,1344,0.001177520607598126,,,18.824968338012695,,0.04047612100839615,,108885.6360552311,1693275366.0150902,
317,7.0,0.040753453969955444,,18.810867309570312,,,0.040753453969955444,0.0006454904796555638,,,,1407,0.04307403042912483,,1348,0.0016240067780017853,,,18.771848678588867,,0.04307403042912483,,109134.92301225662,1693275615.3020473,
318,7.0,0.039417117834091187,,19.055633544921875,,,0.039417117834091187,0.0005061404081061482,,,,1419,0.040401097387075424,,1358,0.0006883121677674353,,,18.978872299194336,,0.040401097387075424,,109759.10504126549,1693276239.4840763,
319,7.0,0.03941580653190613,,18.587852478027344,,,0.03941580653190613,0.0007139081135392189,,,,1420,0.04269259795546532,,1359,0.0008852601167745888,,,18.793161392211914,,0.04269259795546532,,109821.28437447548,1693276301.6634095,
320,7.0,0.04207772761583328,,18.70479393005371,,,0.04207772761583328,0.0005132461665198207,,,,1421,0.04113970696926117,,1360,0.0006516699795611203,,,18.636367797851562,,0.04113970696926117,,109883.67723107338,1693276364.056266,
321,7.0,0.04311197251081467,,18.545795440673828,,,0.04311197251081467,0.0012476432602852583,,,,1425,0.04221293702721596,,1364,0.0010697604157030582,,,18.7114315032959,,0.04221293702721596,,110133.24403142929,1693276613.6230664,
322,7.0,0.04462349787354469,,18.84103775024414,,,0.04462349787354469,0.0007334619294852018,,,,1426,0.04119693860411644,,1365,0.0014916147338226438,,,18.46135139465332,,0.04119693860411644,,110195.4760723114,1693276675.8551073,
323,7.0,0.041990671306848526,,19.150409698486328,,,0.041990671306848526,0.0007542913081124425,,,,1434,0.04051218181848526,,1373,0.0008463833364658058,,,18.780242919921875,,0.04051218181848526,,110695.57909560204,1693277175.9581306,
324,7.0,0.044065922498703,,18.84541893005371,,,0.044065922498703,0.0005407601711340249,,,,1441,0.04322618246078491,,1380,0.0009358301758766174,,,18.63316535949707,,0.04322618246078491,,111131.77179932594,1693277612.1508343,
325,7.0,0.041463762521743774,,18.375337600708008,,,0.041463762521743774,0.0006564965005964041,,,,1447,0.04440712928771973,,1386,0.0004053486918564886,,,18.542966842651367,,0.04440712928771973,,111509.70657300949,1693277990.085608,
326,7.0,0.03771844133734703,,18.325565338134766,,,0.03771844133734703,0.0010260890703648329,,,,1449,0.044847454875707626,,1388,0.0005902538541704416,,,19.45347785949707,,0.044847454875707626,,111634.15065670013,1693278114.5296917,
327,8.0,0.043387170881032944,,18.656822204589844,,,0.043387170881032944,0.0006770796608179808,,,,1457,0.04123885557055473,,1395,0.0007555568590760231,,,18.750064849853516,,0.04123885557055473,,112069.55170726776,1693278549.9307423,
328,8.0,0.044480711221694946,,19.050954818725586,,,0.044480711221694946,0.0005866799619980156,,,,1464,0.03821975365281105,,1400,0.0009681509109213948,,,18.925500869750977,,0.03821975365281105,,112383.00457501411,1693278863.38361,
329,8.0,0.043576087802648544,,19.156946182250977,,,0.043576087802648544,0.0008664426277391613,,,,1470,0.038991160690784454,,1406,0.001244713319465518,,,18.625076293945312,,0.038991160690784454,,112757.13600492477,1693279237.51504,
330,8.0,0.04437723755836487,,18.619504928588867,,,0.04437723755836487,0.0005672649713233113,,,,1479,0.043213486671447754,,1415,0.0008329522097483277,,,18.666170120239258,,0.043213486671447754,,113322.45481777191,1693279802.8338528,
331,8.0,0.040015336126089096,,19.01620864868164,,,0.040015336126089096,0.0004919355269521475,,,,1480,0.0393955297768116,,1416,0.0007924011442810297,,,19.03099250793457,,0.0393955297768116,,113384.68412232399,1693279865.0631573,
332,8.0,0.042494989931583405,,19.258039474487305,,,0.042494989931583405,0.0009439934510737658,,,,1493,0.03582221642136574,,1429,0.000869824318215251,,,18.86409568786621,,0.03582221642136574,,114199.37144780159,1693280679.7504828,
333,8.0,0.039833251386880875,,19.07439613342285,,,0.039833251386880875,0.0008017647196538746,,,,1499,0.041070543229579926,,1435,0.0006374084623530507,,,19.064348220825195,,0.041070543229579926,,114574.94478487968,1693281055.3238199,
334,8.0,0.04240846633911133,,18.480297088623047,,,0.04240846633911133,0.0010060115018859506,,,,1500,0.041074737906455994,,1436,0.0007712535443715751,,,18.6268367767334,,0.041074737906455994,,114637.77446985245,1693281118.1535048,
335,8.0,0.042920082807540894,,18.86566925048828,,,0.042920082807540894,0.0005338065093383193,,,,1507,0.04078390821814537,,1443,0.0006090773385949433,,,18.53301429748535,,0.04078390821814537,,115088.85692095757,1693281569.235956,
336,8.0,0.041214313358068466,,19.1822566986084,,,0.041214313358068466,0.001054176827892661,,,,1512,0.040119584649801254,,1448,0.00116271385923028,,,18.960346221923828,,0.040119584649801254,,115400.97768878937,1693281881.3567238,
337,,,1e-06,,,,,,,,,1513,,,1449,,,,,,,9.999999999999999e-06,115401.00658917427,1693281881.3856242,
338,8.0,0.04125458747148514,,19.015920639038086,,,0.04125458747148514,0.0009046404738910496,,,,1519,0.04246218502521515,,1453,0.001217562472447753,,,18.763235092163086,,0.04246218502521515,,115712.02875852585,1693282192.4077935,
339,8.0,0.03988204896450043,,18.720945358276367,,,0.03988204896450043,0.0012093997793272138,,,,1523,0.04183020442724228,,1457,0.000702554127201438,,,19.132741928100586,,0.04183020442724228,,115961.15604805946,1693282441.535083,
340,8.0,0.037575654685497284,,18.481582641601562,,,0.037575654685497284,0.0010577383218333125,,,,1524,0.047132644802331924,,1458,0.0006153233698569238,,,19.405200958251953,,0.047132644802331924,,116023.48614525795,1693282503.8651803,
341,8.0,0.04067276045680046,,19.47576332092285,,,0.04067276045680046,0.000512226193677634,,,,1529,0.03632057085633278,,1463,0.0007728994241915643,,,19.097858428955078,,0.03632057085633278,,116334.33335494995,1693282814.71239,
342,8.0,0.039035648107528687,,18.916088104248047,,,0.039035648107528687,0.0005486898589879274,,,,1531,0.04154578596353531,,1465,0.000719475734513253,,,19.10786247253418,,0.04154578596353531,,116458.74474644661,1693282939.1237814,
343,8.0,0.04073542729020119,,18.986309051513672,,,0.04073542729020119,0.001072535989806056,,,,1534,0.040109459310770035,,1468,0.0006439689313992858,,,18.84837532043457,,0.040109459310770035,,116645.39587044716,1693283125.7749054,
344,8.0,0.04378325492143631,,19.217668533325195,,,0.04378325492143631,0.00046164137893356383,,,,1535,0.0389237105846405,,1469,0.0008077421225607395,,,18.80402374267578,,0.0389237105846405,,116707.5512354374,1693283187.9302704,
345,8.0,0.04185212776064873,,18.915205001831055,,,0.04185212776064873,0.0008951822528615594,,,,1538,0.04063501954078674,,1472,0.000721720396541059,,,18.869701385498047,,0.04063501954078674,,116894.1567568779,1693283374.5357919,
346,8.0,0.039118148386478424,,18.679975509643555,,,0.039118148386478424,0.0006063241162337363,,,,1541,0.04277350753545761,,1475,0.000414803420426324,,,19.102081298828125,,0.04277350753545761,,117080.97023773193,1693283561.3492727,
347,8.0,0.035912662744522095,,18.860597610473633,,,0.035912662744522095,0.002191131003201008,,,,1542,0.04388761520385742,,1476,0.00036565822665579617,,,19.42932891845703,,0.04388761520385742,,117143.22213029861,1693283623.6011653,
348,8.0,0.038359541445970535,,18.891992568969727,,,0.038359541445970535,0.0005870958557352424,,,,1546,0.041176438331604004,,1480,0.00047650010674260557,,,18.868030548095703,,0.041176438331604004,,117392.23930382729,1693283872.6183388,
349,8.0,0.039979614317417145,,19.11857795715332,,,0.039979614317417145,0.0007947518024593592,,,,1547,0.040161553770303726,,1481,0.0011100636329501867,,,19.015201568603516,,0.040161553770303726,,117454.46985578537,1693283934.8488908,
350,8.0,0.039188358932733536,,18.998414993286133,,,0.039188358932733536,0.0006490538944490254,,,,1550,0.04181179404258728,,1484,0.00042461827979423106,,,18.879140853881836,,0.04181179404258728,,117641.04864788055,1693284121.4276829,
351,8.0,0.043937403708696365,,18.804309844970703,,,0.043937403708696365,0.0007710155914537609,,,,1552,0.04043743759393692,,1486,0.0012872720835730433,,,18.75265121459961,,0.04043743759393692,,117765.52441692352,1693284245.903452,
352,8.0,0.0407247394323349,,18.831871032714844,,,0.0407247394323349,0.000599702587351203,,,,1554,0.042826298624277115,,1488,0.0003788297181017697,,,18.872953414916992,,0.042826298624277115,,117889.96943163872,1693284370.3484666,
353,8.0,0.0417531281709671,,19.03948211669922,,,0.0417531281709671,0.0007970056612975895,,,,1555,0.03973475471138954,,1489,0.0007636042428202927,,,18.670040130615234,,0.03973475471138954,,117952.3127207756,1693284432.6917558,
354,8.0,0.043326862156391144,,19.00786018371582,,,0.043326862156391144,0.0012486501364037395,,,,1556,0.04244130849838257,,1490,0.0005048105376772583,,,18.409839630126953,,0.04244130849838257,,118014.50657081604,1693284494.8856058,
355,,,1e-06,,,,,,,,,1565,,,1499,,,,,,,9.999999999999999e-06,118512.36380696297,1693284992.742842,
356,8.0,0.04168577119708061,,19.298316955566406,,,0.04168577119708061,0.0004133838810957968,,,,1590,0.03835116699337959,,1522,0.0008241801988333464,,,18.560731887817383,,0.03835116699337959,,124587.54400587082,1693291067.9230409,
357,8.0,0.0386304035782814,,18.884838104248047,,,0.0386304035782814,0.0011047833831980824,,,,1592,0.04262330383062363,,1524,0.0006284320843406022,,,19.170320510864258,,0.04262330383062363,,124712.63861322403,1693291193.0176482,
358,8.0,0.03943552449345589,,18.858963012695312,,,0.03943552449345589,0.0007862357306294143,,,,1593,0.040893979370594025,,1525,0.0007552126189693809,,,19.030792236328125,,0.040893979370594025,,124776.32718229294,1693291256.7062173,
359,8.0,0.03783642128109932,,18.94832420349121,,,0.03783642128109932,0.00032839318737387657,,,,1607,0.03967680782079697,,1539,0.0009168076794594526,,,19.23054313659668,,0.03967680782079697,,125650.95531487465,1693292131.3343499,
360,8.0,0.041279375553131104,,18.325407028198242,,,0.041279375553131104,0.0011175688123330474,,,,1609,0.04475533962249756,,1541,0.000744214397855103,,,18.701404571533203,,0.04475533962249756,,125776.69211697578,1693292257.071152,
361,8.0,0.0397319532930851,,18.981523513793945,,,0.0397319532930851,0.0007567218854092062,,,,1611,0.039767175912857056,,1543,0.0009306872962042689,,,19.10966682434082,,0.039767175912857056,,125902.23780345917,1693292382.6168385,
362,8.0,0.04209320247173309,,19.26511001586914,,,0.04209320247173309,0.0013386704958975315,,,,1615,0.0401327945291996,,1547,0.0007050749263726175,,,18.784502029418945,,0.0401327945291996,,126151.37364339828,1693292631.7526784,
363,,,1e-06,,,,,,,,,1617,,,1549,,,,,,,9.999999999999999e-06,126214.2509431839,1693292694.6299782,
364,8.0,0.03660166263580322,,18.949382781982422,,,0.03660166263580322,0.00040119807817973197,,,,1619,0.0412544347345829,,1549,0.0007420588517561555,,,18.91030502319336,,0.0412544347345829,,126276.8979818821,1693292757.2770169,
365,8.0,0.045966848731040955,,18.696313858032227,,,0.045966848731040955,0.0009889937937259674,,,,1620,0.042966119945049286,,1550,0.0012507782084867358,,,18.794857025146484,,0.042966119945049286,,126339.54721474648,1693292819.9262497,
366,8.0,0.04050273075699806,,19.184349060058594,,,0.04050273075699806,0.0004116825293749571,,,,1622,0.038439519703388214,,1552,0.0010290704667568207,,,19.11537742614746,,0.038439519703388214,,126464.10685157776,1693292944.4858866,
367,8.0,0.042015597224235535,,19.411325454711914,,,0.042015597224235535,0.0006351161864586174,,,,1623,0.03799402713775635,,1553,0.0009994215797632933,,,18.92733383178711,,0.03799402713775635,,126526.8320760727,1693293007.211111,
368,8.0,0.04107925668358803,,18.746103286743164,,,0.04107925668358803,0.0009624567464925349,,,,1632,0.041623037308454514,,1562,0.000844302587211132,,,18.99997901916504,,0.041623037308454514,,127096.04120016098,1693293576.4202352,
369,8.0,0.04017092287540436,,19.349435806274414,,,0.04017092287540436,0.0005168734933249652,,,,1633,0.037648625671863556,,1563,0.0009750569588504732,,,18.888774871826172,,0.037648625671863556,,127158.61302924156,1693293638.9920642,
370,8.0,0.04177473485469818,,19.05686378479004,,,0.04177473485469818,0.0007922847871668637,,,,1635,0.04091288894414902,,1565,0.0008104380103759468,,,18.845632553100586,,0.04091288894414902,,127282.61462664604,1693293762.9936616,
371,8.0,,,,,,,,0.0006645682151429355,,,1636,,,1565,,18.953903198242188,,,0.03964995965361595,,,127282.63068985939,1693293763.0097249,0.03964995965361595
372,9.0,0.04165511950850487,,19.131837844848633,,,0.04165511950850487,0.0012062445748597383,,,,1639,0.04090786725282669,,1568,0.0008225840283557773,,,18.719486236572266,,0.04090786725282669,,127475.48785376549,1693293955.8668888,
373,9.0,0.0425945483148098,,18.465370178222656,,,0.0425945483148098,0.0011365388054400682,,,,1645,0.045625340193510056,,1574,0.001442577107809484,,,19.021081924438477,,0.045625340193510056,,127855.04919815063,1693294335.4282331,
374,9.0,0.04439985007047653,,18.630924224853516,,,0.04439985007047653,0.0009613567963242531,,,,1649,0.042370621114969254,,1578,0.0015373689820989966,,,19.072900772094727,,0.042370621114969254,,128109.6800904274,1693294590.0591254,
375,9.0,0.039798907935619354,,19.0119686126709,,,0.039798907935619354,0.0013888076646253467,,,,1655,0.04088367149233818,,1584,0.0007053544977679849,,,19.353403091430664,,0.04088367149233818,,128483.13603186607,1693294963.5150669,
376,9.0,0.03874364122748375,,18.536413192749023,,,0.03874364122748375,0.0012020973954349756,,,,1665,0.041752129793167114,,1594,0.000952492468059063,,,18.94481086730957,,0.041752129793167114,,129107.31443786621,1693295587.6934729,
377,9.0,0.04609602689743042,,19.040119171142578,,,0.04609602689743042,0.0009710917365737259,,,,1666,0.039164502173662186,,1595,0.0016488663386553526,,,18.37047004699707,,0.039164502173662186,,129169.48251986504,1693295649.8615549,
378,9.0,0.03938702866435051,,18.816059112548828,,,0.03938702866435051,0.00041270977817475796,,,,1668,0.04073075205087662,,1597,0.000541573972441256,,,19.46607208251953,,0.04073075205087662,,129294.27057480812,1693295774.6496098,
379,9.0,0.042444586753845215,,18.904312133789062,,,0.042444586753845215,0.00057985819876194,,,,1669,0.039558228105306625,,1598,0.001317775109782815,,,18.816194534301758,,0.039558228105306625,,129356.40884017944,1693295836.7878752,
380,9.0,,,,0.03374581038951874,9.999999974752427e-07,,,,21.46946144104004,0.03374581038951874,1671,,0.0002343126107007265,1599,,,1599.0,,,,,129357.7726418972,1693295838.151677,
381,9.0,0.041096244007349014,,18.852766036987305,,,0.041096244007349014,0.0010159371886402369,,,,1672,0.0409439317882061,,1599,0.0006308133597485721,,,18.846420288085938,,0.0409439317882061,,129418.67556548119,1693295899.0546005,
382,9.0,0.039618995040655136,,18.583171844482422,,,0.039618995040655136,0.0006833542720414698,,,,1675,0.0439368300139904,,1602,0.0009462179150432348,,,19.024919509887695,,0.0439368300139904,,129605.45243835449,1693296085.8314734,
383,9.0,0.041735004633665085,,18.886564254760742,,,0.041735004633665085,0.0007219011313281953,,,,1678,0.0398113988339901,,1605,0.0007963654934428632,,,18.7158203125,,0.0398113988339901,,129792.4386742115,1693296272.8177092,
384,9.0,0.044977862387895584,,19.111570358276367,,,0.044977862387895584,0.0009698045323602855,,,,1681,0.03831179440021515,,1608,0.0005232593975961208,,,18.350555419921875,,0.03831179440021515,,129979.14939665794,1693296459.5284317,
385,9.0,0.03930050507187843,,19.166873931884766,,,0.03930050507187843,0.0005096468375995755,,,,1683,0.03666779398918152,,1610,0.0007543826359324157,,,18.965471267700195,,0.03666779398918152,,130103.45823073387,1693296583.8372657,
386,9.0,0.042572975158691406,,18.57315444946289,,,0.042572975158691406,0.0011944897705689073,,,,1696,0.044371943920850754,,1623,0.0010011057602241635,,,18.706520080566406,,0.044371943920850754,,130912.33164858818,1693297392.7106836,
387,9.0,0.04156067967414856,,18.951608657836914,,,0.04156067967414856,0.0009095529676415026,,,,1699,0.04213320091366768,,1626,0.0007848231471143663,,,18.90212631225586,,0.04213320091366768,,131099.44433546066,1693297579.8233705,
388,9.0,0.041577912867069244,,18.96343994140625,,,0.041577912867069244,0.0007185878348536789,,,,1703,0.04011225700378418,,1630,0.0008659021696075797,,,18.85926055908203,,0.04011225700378418,,131348.6073114872,1693297828.9863465,
389,9.0,0.041486956179142,,18.899072647094727,,,0.041486956179142,0.0008242866606451571,,,,1707,0.04305781051516533,,1634,0.0009050383232533932,,,19.182863235473633,,0.04305781051516533,,131597.4146463871,1693298077.7936814,
390,9.0,0.04200154170393944,,18.803924560546875,,,0.04200154170393944,0.0007113475003279746,,,,1708,0.04220043122768402,,1635,0.0008520596893504262,,,18.837671279907227,,0.04220043122768402,,131659.59485840797,1693298139.9738934,
391,9.0,0.0395621582865715,,19.07106590270996,,,0.0395621582865715,0.001041568466462195,,,,1712,0.041210465133190155,,1639,0.0007096522022038698,,,19.10635757446289,,0.041210465133190155,,131908.46387052536,1693298388.8429055,
392,9.0,0.04285988211631775,,19.109407424926758,,,0.04285988211631775,0.0006619318737648427,,,,1718,0.03978533297777176,,1645,0.0008560656569898129,,,18.70148468017578,,0.03978533297777176,,132281.95621442795,1693298762.3352494,
393,9.0,0.044415075331926346,,18.91330337524414,,,0.044415075331926346,0.0005634193657897413,,,,1719,0.04072820022702217,,1646,0.0010401400504633784,,,18.686111450195312,,0.04072820022702217,,132344.2661986351,1693298824.6452336,
394,9.0,0.04341235011816025,,18.845491409301758,,,0.04341235011816025,0.0011559161357581615,,,,1721,0.04352236166596413,,1648,0.0005996130057610571,,,18.637788772583008,,0.04352236166596413,,132468.69232678413,1693298949.0713618,
395,9.0,0.0430547371506691,,18.565147399902344,,,0.0430547371506691,0.0006067614885978401,,,,1724,0.04489310085773468,,1649,0.0010582520626485348,,,18.60030174255371,,0.04489310085773468,,132530.8040702343,1693299011.1831052,
396,9.0,0.039976853877305984,,18.986522674560547,,,0.039976853877305984,0.0012624607188627124,,,,1725,0.04181332513689995,,1650,0.0005816382472403347,,,18.858671188354492,,0.04181332513689995,,132593.56178545952,1693299073.9408205,
397,9.0,0.04437195882201195,,18.973684310913086,,,0.04437195882201195,0.0010027015814557672,,,,1727,0.04105570167303085,,1652,0.0009047712665051222,,,18.219057083129883,,0.04105570167303085,,132718.08899974823,1693299198.4680347,
398,9.0,0.03865688294172287,,19.032377243041992,,,0.03865688294172287,0.0004880308697465807,,,,1732,0.03933585807681084,,1657,0.0004343620967119932,,,19.297046661376953,,0.03933585807681084,,133029.9035487175,1693299510.2825837,
399,9.0,0.04133065789937973,,18.369293212890625,,,0.04133065789937973,0.0009768845047801733,,,,1736,0.04493597522377968,,1661,0.0006746390135958791,,,18.841650009155273,,0.04493597522377968,,133278.5303118229,1693299758.9093468,
400,9.0,0.042844031006097794,,18.476808547973633,,,0.042844031006097794,0.0010459988843649626,,,,1747,0.04515177011489868,,1672,0.0006215264438651502,,,18.62485694885254,,0.04515177011489868,,133965.2631061077,1693300445.642141,
401,9.0,0.03953157365322113,,18.52228546142578,,,0.03953157365322113,0.0004592250334098935,,,,1761,0.04282611608505249,,1686,0.00046745454892516136,,,19.000669479370117,,0.04282611608505249,,134835.16707253456,1693301315.5461075,
402,9.0,0.04462089762091637,,19.1291446685791,,,0.04462089762091637,0.0006966596120037138,,,,1763,0.03961694613099098,,1688,0.0010636274237185717,,,18.259159088134766,,0.03961694613099098,,134959.91559052467,1693301440.2946255,
403,9.0,0.040356218814849854,,19.477828979492188,,,0.040356218814849854,0.0009795319056138396,,,,1768,0.03832181543111801,,1693,0.0006730173481628299,,,18.877307891845703,,0.03832181543111801,,135273.448086977,1693301753.827122,
404,9.0,0.0397363156080246,,19.074954986572266,,,0.0397363156080246,0.00040413226815871894,,,,1771,0.03938120976090431,,1696,0.0009080545860342681,,,19.198408126831055,,0.03938120976090431,,135459.63240623474,1693301940.0114412,
405,9.0,0.04188012704253197,,18.690099716186523,,,0.04188012704253197,0.0012288078432902694,,,,1773,0.04232298955321312,,1698,0.0009917544666677713,,,19.02570343017578,,0.04232298955321312,,135583.9525666237,1693302064.3316016,
406,,,1e-06,,,,,,,,,1774,,,1699,,,,,,,9.999999999999999e-06,135583.9790174961,1693302064.3580525,
407,9.0,,,,0.048338375985622406,9.999999974752427e-07,,,,15.964372634887695,0.048338375985622406,1775,,0.0005021231481805444,1699,,,1699.0,,,,,135585.30962133408,1693302065.6886563,
408,9.0,0.03862850368022919,,19.069334030151367,,,0.03862850368022919,0.0010365396738052368,,,,1778,0.03929471969604492,,1701,0.0006347135058604181,,,19.032567977905273,,0.03929471969604492,,135769.94017195702,1693302250.319207,
409,9.0,0.04229919984936714,,18.811203002929688,,,0.04229919984936714,0.000887700414750725,,,,1779,0.04060007259249687,,1702,0.0004478981136344373,,,18.826818466186523,,0.04060007259249687,,135831.99158716202,1693302312.3706222,
410,9.0,0.03802455589175224,,19.015573501586914,,,0.03802455589175224,0.0008034874335862696,,,,1782,0.039838869124650955,,1705,0.0005646255449391901,,,19.06239891052246,,0.039838869124650955,,136018.91151094437,1693302499.290546,
411,9.0,0.04159287363290787,,18.55487823486328,,,0.04159287363290787,0.0006653657183051109,,,,1783,0.04620273783802986,,1706,0.0010419130558148026,,,18.70000648498535,,0.04620273783802986,,136081.37184381485,1693302561.7508788,
412,9.0,0.04040684178471565,,19.384429931640625,,,0.04040684178471565,0.0007775735575705767,,,,1787,0.03921825811266899,,1710,0.0008418496581725776,,,19.08500099182129,,0.03921825811266899,,136330.52924227715,1693302810.9082773,
413,9.0,0.03950517624616623,,18.988994598388672,,,0.03950517624616623,0.0008472105255350471,,,,1792,0.03932484611868858,,1715,0.0004350520030129701,,,19.174251556396484,,0.03932484611868858,,136642.47580623627,1693303122.8548412,
414,9.0,0.04171530902385712,,19.31392478942871,,,0.04171530902385712,0.0015437145484611392,,,,1793,0.03912947699427605,,1716,0.0009177207830362022,,,18.972970962524414,,0.03912947699427605,,136704.57899737358,1693303184.9580324,
415,9.0,0.0414847731590271,,18.924442291259766,,,0.0414847731590271,0.0005561599391512573,,,,1796,0.04146113619208336,,1719,0.0008179434225894511,,,18.86452865600586,,0.04146113619208336,,136890.95188713074,1693303371.3309221,
416,9.0,0.04471839964389801,,19.276432037353516,,,0.04471839964389801,0.0003848477790597826,,,,1798,0.038293369114398956,,1721,0.0014961928827688098,,,18.819242477416992,,0.038293369114398956,,137015.14521336555,1693303495.5242484,
417,9.0,0.04065249115228653,,19.28226089477539,,,0.04065249115228653,0.000592208409216255,,,,1800,0.037926558405160904,,1723,0.0009407646721228957,,,19.03291893005371,,0.037926558405160904,,137139.26177597046,1693303619.640811,
418,9.0,0.038368940353393555,,18.698606491088867,,,0.038368940353393555,0.000637768825981766,,,,1801,0.043839313089847565,,1724,0.0009985953802242875,,,19.50487518310547,,0.043839313089847565,,137201.41982483864,1693303681.7988598,
419,9.0,0.0384102426469326,,18.949447631835938,,,0.0384102426469326,0.0010897265747189522,,,,1803,0.04058603197336197,,1726,0.0006142601487226784,,,19.20030975341797,,0.04058603197336197,,137325.83502435684,1693303806.2140594,
420,9.0,0.03956150263547897,,18.363431930541992,,,0.03956150263547897,0.0009512515971437097,,,,1814,0.04359058663249016,,1737,0.000879269908182323,,,19.339187622070312,,0.04359058663249016,,138010.8949663639,1693304491.2740014,
421,10.0,0.040831174701452255,,18.571840286254883,,,0.040831174701452255,0.001191183109767735,,,,1818,0.04574398696422577,,1740,0.0008785881218500435,,,19.224071502685547,,0.04574398696422577,,138197.11917304993,1693304677.498208,
422,10.0,0.04152819141745567,,19.07273292541504,,,0.04152819141745567,0.0007549242582172155,,,,1822,0.039421502500772476,,1744,0.0006089457892812788,,,19.177288055419922,,0.039421502500772476,,138445.8191280365,1693304926.198163,
423,10.0,0.03923756256699562,,18.836198806762695,,,0.03923756256699562,0.0007556902128271759,,,,1835,0.0423683226108551,,1755,0.00037820261786691844,,,19.150636672973633,,0.0423683226108551,,143374.76143670082,1693309855.1404717,
424,10.0,0.040001291781663895,,18.8983211517334,,,0.040001291781663895,0.0005119403940625489,,,,1837,0.04135533794760704,,1757,0.0006093835108913481,,,19.41852378845215,,0.04135533794760704,,143499.09078359604,1693309979.4698186,
425,10.0,0.03966064378619194,,18.85630226135254,,,0.03966064378619194,0.0004731910885311663,,,,1842,0.039370372891426086,,1762,0.0005070070037618279,,,19.130508422851562,,0.039370372891426086,,143810.53903865814,1693310290.9180737,
426,10.0,0.037270545959472656,,18.891193389892578,,,0.037270545959472656,0.0007567430729977787,,,,1843,0.04293731227517128,,1763,0.00048120436258614063,,,19.120067596435547,,0.04293731227517128,,143872.6352481842,1693310353.0142832,
427,10.0,0.039898160845041275,,19.091461181640625,,,0.039898160845041275,0.00047195315710268915,,,,1847,0.039186522364616394,,1767,0.0009847684996202588,,,19.31639289855957,,0.039186522364616394,,144121.66366958618,1693310602.0427046,
428,10.0,0.0384427011013031,,18.73984718322754,,,0.0384427011013031,0.0007637266535311937,,,,1848,0.04283560439944267,,1768,0.0006320909596979618,,,19.013656616210938,,0.04283560439944267,,144184.93397808075,1693310665.313013,
429,10.0,0.03735249489545822,,18.736162185668945,,,0.03735249489545822,0.0010667438618838787,,,,1850,0.04286911338567734,,1770,0.0004660197882913053,,,19.60690689086914,,0.04286911338567734,,144309.35621619225,1693310789.7352512,
430,10.0,0.039560433477163315,,18.84507942199707,,,0.039560433477163315,0.0005915389629080892,,,,1851,0.04240380600094795,,1771,0.0005368416314013302,,,19.088804244995117,,0.04240380600094795,,144372.40633296967,1693310852.785368,
431,10.0,0.04030498489737511,,19.0065975189209,,,0.04030498489737511,0.000590291281696409,,,,1853,0.03972997888922691,,1773,0.0011699683964252472,,,18.882930755615234,,0.03972997888922691,,144497.98656988144,1693310978.3656049,
432,10.0,0.04338129982352257,,19.19536018371582,,,0.04338129982352257,0.0004998474614694715,,,,1861,0.0391111746430397,,1781,0.0008664738270454109,,,18.59898567199707,,0.0391111746430397,,144997.7075088024,1693311478.0865438,
433,10.0,0.04082963243126869,,19.40520477294922,,,0.04082963243126869,0.0012109085218980908,,,,1863,0.04035698622465134,,1783,0.001245330087840557,,,19.17290496826172,,0.04035698622465134,,145122.54343438148,1693311602.9224694,
434,10.0,0.04069574177265167,,18.879247665405273,,,0.04069574177265167,0.0009488978539593518,,,,1866,0.04279692843556404,,1786,0.0011410914594307542,,,18.975751876831055,,0.04279692843556404,,145309.02981209755,1693311789.408847,
435,10.0,0.036430761218070984,,18.981464385986328,,,0.036430761218070984,0.00047819092287681997,,,,1867,0.03909135237336159,,1787,0.0004688614862971008,,,19.302335739135742,,0.03909135237336159,,145371.5475780964,1693311851.926613,
436,10.0,0.04322148859500885,,19.16048240661621,,,0.04322148859500885,0.0009284761035814881,,,,1868,0.04069824889302254,,1788,0.0012368620373308659,,,18.8966064453125,,0.04069824889302254,,145434.16660690308,1693311914.545642,
437,10.0,0.038268595933914185,,18.69731330871582,,,0.038268595933914185,0.0010044918162748218,,,,1871,0.0427582785487175,,1791,0.0005399153451435268,,,19.173858642578125,,0.0427582785487175,,145621.14108920097,1693312101.5201242,
438,10.0,0.03862528130412102,,18.506345748901367,,,0.03862528130412102,0.001203482854180038,,,,1872,0.044120192527770996,,1792,0.0006154412985779345,,,19.077241897583008,,0.044120192527770996,,145683.23992180824,1693312163.6189568,
439,10.0,0.0433979332447052,,18.940664291381836,,,0.0433979332447052,0.0006611169665120542,,,,1874,0.03937699645757675,,1794,0.0018398684915155172,,,18.588254928588867,,0.03937699645757675,,145808.15777277946,1693312288.5368078,
440,10.0,0.04179305583238602,,19.458892822265625,,,0.04179305583238602,0.0004085959226358682,,,,1877,0.038312166929244995,,1797,0.0006440994329750538,,,18.899124145507812,,0.038312166929244995,,145994.75016069412,1693312475.1291957,
441,10.0,0.04061629995703697,,19.068899154663086,,,0.04061629995703697,0.0008712307317182422,,,,1878,0.038592491298913956,,1798,0.0004577212384901941,,,18.639467239379883,,0.038592491298913956,,146056.87768912315,1693312537.256724,
442,,,1e-06,,,,,,,,,1879,,,1799,,,,,,,9.999999999999999e-06,146056.90590405464,1693312537.284939,
443,10.0,0.03734629973769188,,18.642820358276367,,,0.03734629973769188,0.0007519586361013353,,,,1881,0.04269833117723465,,1799,0.0007862948114052415,,,19.267562866210938,,0.04269833117723465,,146119.10235261917,1693312599.4813876,
444,10.0,0.03836281970143318,,19.328330993652344,,,0.03836281970143318,0.0005516682867892087,,,,1885,0.03724786639213562,,1803,0.0006203021621331573,,,19.177894592285156,,0.03724786639213562,,146367.8527584076,1693312848.2317934,
445,10.0,0.040760792791843414,,19.10804557800293,,,0.040760792791843414,0.0003946830693166703,,,,1886,0.03670589625835419,,1804,0.0006199654308147728,,,18.988845825195312,,0.03670589625835419,,146429.9879837036,1693312910.3670187,
446,10.0,0.04439502954483032,,18.883686065673828,,,0.04439502954483032,0.00041829742258414626,,,,1889,0.038910266011953354,,1807,0.0009710108279250562,,,18.873350143432617,,0.038910266011953354,,146616.8161740303,1693313097.195209,
447,10.0,0.037284862250089645,,19.33881378173828,,,0.037284862250089645,0.0009135544532909989,,,,1891,0.039981625974178314,,1809,0.0007642496493645012,,,19.48414421081543,,0.039981625974178314,,146741.86696243286,1693313222.2459974,
448,10.0,0.04438868165016174,,18.851797103881836,,,0.04438868165016174,0.0006570622208528221,,,,1892,0.041733935475349426,,1810,0.0009036039700731635,,,18.710182189941406,,0.041733935475349426,,146803.97476696968,1693313284.353802,
449,10.0,0.044102709740400314,,19.188339233398438,,,0.044102709740400314,0.0015003224834799767,,,,1895,0.040728069841861725,,1813,0.0007315983530133963,,,18.17618751525879,,0.040728069841861725,,146991.07507538795,1693313471.4541104,
450,10.0,0.03729955479502678,,19.21894645690918,,,0.03729955479502678,0.0011106875026598573,,,,1897,0.03920523822307587,,1815,0.0004385481879580766,,,19.51580810546875,,0.03920523822307587,,147115.8064057827,1693313596.1854408,
451,10.0,0.041294269263744354,,19.286075592041016,,,0.041294269263744354,0.0010207879822701216,,,,1898,0.03867731988430023,,1816,0.0005492109339684248,,,18.841257095336914,,0.03867731988430023,,147179.4268875122,1693313659.8059225,
452,10.0,0.03997889906167984,,19.121047973632812,,,0.03997889906167984,0.0012314151972532272,,,,1899,0.04084780812263489,,1817,0.0009828782640397549,,,19.10356330871582,,0.04084780812263489,,147241.66965413094,1693313722.0486891,
453,10.0,0.03951741009950638,,18.77166748046875,,,0.03951741009950638,0.0007515154429711401,,,,1900,0.042943619191646576,,1818,0.0012658119667321444,,,18.986736297607422,,0.042943619191646576,,147304.16462016106,1693313784.5436552,
454,10.0,0.041685037314891815,,18.953336715698242,,,0.041685037314891815,0.0011344506638124585,,,,1901,0.04120052233338356,,1819,0.0006270635058172047,,,18.82314682006836,,0.04120052233338356,,147366.32621359825,1693313846.7052486,
455,10.0,0.041058849543333054,,18.92290496826172,,,0.041058849543333054,0.0002645254135131836,,,,1904,0.03669299557805061,,1822,0.001358706271275878,,,19.018339157104492,,0.03669299557805061,,147553.1331012249,1693314033.5121362,
456,10.0,0.037991371005773544,,18.786954879760742,,,0.037991371005773544,0.0003883065073750913,,,,1907,0.04131823405623436,,1825,0.0003891443193424493,,,19.252513885498047,,0.04131823405623436,,147739.6070637703,1693314219.9860988,
457,10.0,0.04239111766219139,,18.754852294921875,,,0.04239111766219139,0.0012208180269226432,,,,1912,0.04349099099636078,,1830,0.000714339199475944,,,18.552284240722656,,0.04349099099636078,,148051.54731106758,1693314531.926346,
458,10.0,0.0385323204100132,,18.880596160888672,,,0.0385323204100132,0.0011368897976353765,,,,1914,0.04203559830784798,,1832,0.0010952892480418086,,,19.167558670043945,,0.04203559830784798,,148177.5119419098,1693314657.890977,
459,10.0,0.04352934658527374,,18.6092529296875,,,0.04352934658527374,0.0013294888194650412,,,,1926,0.042940348386764526,,1844,0.0010154427727684379,,,18.852367401123047,,0.042940348386764526,,148925.80457139015,1693315406.1836064,
460,,,1e-06,,,,,,,,,1931,,,1849,,,,,,,9.999999999999999e-06,149174.79145526886,1693315655.1704903,
461,10.0,0.035961586982011795,,19.12887954711914,,,0.035961586982011795,0.0008481292752549052,,,,1935,0.04238645359873772,,1851,0.00036445073783397675,,,19.136030197143555,,0.04238645359873772,,149361.9645433426,1693315842.3435783,
462,10.0,0.04056799039244652,,19.2048397064209,,,0.04056799039244652,0.0009787471499294043,,,,1936,0.037371423095464706,,1852,0.0004670122580137104,,,18.72832489013672,,0.037371423095464706,,149425.57288765907,1693315905.9519227,
463,10.0,0.04156677797436714,,18.735729217529297,,,0.04156677797436714,0.0007661686977371573,,,,1937,0.04238096997141838,,1853,0.0004556832427624613,,,18.931209564208984,,0.04238096997141838,,149487.9880695343,1693315968.3671045,
464,10.0,0.04327395185828209,,19.001359939575195,,,0.04327395185828209,0.0004828251258004457,,,,1942,0.04003044590353966,,1858,0.0008978801197372377,,,18.96734046936035,,0.04003044590353966,,149800.976020813,1693316281.3550558,
465,10.0,0.039075788110494614,,18.98481559753418,,,0.039075788110494614,0.001003311830572784,,,,1946,0.04109225422143936,,1862,0.0006159838521853089,,,19.211734771728516,,0.04109225422143936,,150049.58481526375,1693316529.9638503,
466,10.0,0.04108908027410507,,18.74935531616211,,,0.04108908027410507,0.0008110615308396518,,,,1950,0.04249851033091545,,1866,0.0010023637441918254,,,19.150495529174805,,0.04249851033091545,,150298.3670041561,1693316778.7460392,
467,10.0,0.04219549521803856,,19.170522689819336,,,0.04219549521803856,0.0006216819165274501,,,,1957,0.040026068687438965,,1873,0.0005639189039357007,,,18.949739456176758,,0.040026068687438965,,150733.81131458282,1693317214.1903496,
468,10.0,0.04050340875983238,,19.227327346801758,,,0.04050340875983238,0.00046559027396142483,,,,1959,0.03821577504277229,,1875,0.001082584378309548,,,19.092039108276367,,0.03821577504277229,,150858.1708624363,1693317338.5498974,
469,10.0,0.03886397182941437,,18.78382110595703,,,0.03886397182941437,0.0006444210303016007,,,,1960,0.04206183925271034,,1876,0.000491553102619946,,,19.094491958618164,,0.04206183925271034,,150920.3648710251,1693317400.743906,
470,10.0,0.041097745299339294,,19.082836151123047,,,0.041097745299339294,0.0010393635602667928,,,,1962,0.039804186671972275,,1878,0.0007624838617630303,,,18.87049674987793,,0.039804186671972275,,151044.78591942787,1693317525.1649544,
471,10.0,0.042784541845321655,,18.97300910949707,,,0.042784541845321655,0.0005666827782988548,,,,1963,0.0432630255818367,,1879,0.0011009667068719864,,,18.87907600402832,,0.0432630255818367,,151106.97935700417,1693317587.358392,
472,10.0,0.040309108793735504,,19.115602493286133,,,0.040309108793735504,0.0007651422056369483,,,,1967,0.04134446382522583,,1883,0.0005510863848030567,,,18.858640670776367,,0.04134446382522583,,151355.9273598194,1693317836.3063948,
473,10.0,0.039352644234895706,,19.008159637451172,,,0.039352644234895706,0.0006250667502172291,,,,1977,0.04115667566657066,,1893,0.0008788242703303695,,,19.4344425201416,,0.04115667566657066,,151978.89287137985,1693318459.2719064,
474,10.0,0.03990965336561203,,19.26654815673828,,,0.03990965336561203,0.00036749339778907597,,,,1978,0.037854328751564026,,1894,0.0011515290243551135,,,18.808406829833984,,0.037854328751564026,,152041.14614009857,1693318521.525175,
475,10.0,0.040949270129203796,,18.799224853515625,,,0.040949270129203796,0.0013119570212438703,,,,1979,0.044156234711408615,,1895,0.0011266637593507767,,,18.950136184692383,,0.044156234711408615,,152103.38123846054,1693318583.7602735,
476,10.0,0.03583962842822075,,18.814983367919922,,,0.03583962842822075,0.0005332321743480861,,,,1986,0.041467126458883286,,1900,0.0005866870633326471,,,19.280126571655273,,0.041467126458883286,,152415.4501903057,1693318895.8292253,
477,11.0,0.04196459800004959,,19.24395751953125,,,0.04196459800004959,0.0005462857661768794,,,,2005,0.037361565977334976,,1918,0.0007590551394969225,,,18.883159637451172,,0.037361565977334976,,153540.55859065056,1693320020.9376256,
478,11.0,0.03832957521080971,,19.038944244384766,,,0.03832957521080971,0.00045682693598791957,,,,2012,0.03822008892893791,,1925,0.0010226282756775618,,,18.998929977416992,,0.03822008892893791,,153976.13693237305,1693320456.5159674,
479,11.0,0.042346641421318054,,18.94397735595703,,,0.042346641421318054,0.0007258083787746727,,,,2014,0.041214361786842346,,1927,0.0008292333805002272,,,18.80574607849121,,0.041214361786842346,,154100.56743454933,1693320580.9464695,
480,11.0,0.03642404079437256,,18.29692840576172,,,0.03642404079437256,0.0007690673228353262,,,,2018,0.04461229592561722,,1931,0.0008277058368548751,,,19.244537353515625,,0.04461229592561722,,154349.99282956123,1693320830.3718646,
481,11.0,0.038112420588731766,,19.146780014038086,,,0.038112420588731766,0.0010438233148306608,,,,2020,0.04092838242650032,,1933,0.0007618410745635629,,,19.178001403808594,,0.04092838242650032,,154474.4956858158,1693320954.8747208,
482,11.0,0.039215024560689926,,19.14938735961914,,,0.039215024560689926,0.0009854999370872974,,,,2028,0.04026816785335541,,1941,0.0004358579753898084,,,18.990760803222656,,0.04026816785335541,,154974.0837342739,1693321454.4627693,
483,11.0,0.03914817050099373,,18.88370704650879,,,0.03914817050099373,0.000463335047243163,,,,2033,0.040933240205049515,,1946,0.0006241198279894888,,,19.185123443603516,,0.040933240205049515,,155286.1887717247,1693321766.5678067,
484,11.0,0.04656362533569336,,19.173538208007812,,,0.04656362533569336,0.0006915656267665327,,,,2035,0.041525885462760925,,1948,0.0009959349408745766,,,18.453386306762695,,0.041525885462760925,,155411.36069250107,1693321891.7397275,
485,11.0,,,,0.05514207482337952,9.999999974752427e-07,,,,17.375844955444336,0.05514207482337952,2037,,0.0007258777040988207,1949,,,1949.0,,,,,155412.72263407707,1693321893.101669,
486,11.0,0.04212003946304321,,18.99752426147461,,,0.04212003946304321,0.0008069591713137925,,,,2039,0.04117542505264282,,1950,0.0006452641100622714,,,18.74898338317871,,0.04117542505264282,,155536.32024741173,1693322016.6992824,
487,11.0,0.04200727492570877,,18.96347427368164,,,0.04200727492570877,0.0008719549514353275,,,,2044,0.041344158351421356,,1955,0.0010421897750347853,,,18.75661277770996,,0.041344158351421356,,155850.16968512535,1693322330.5487201,
488,11.0,0.043382562696933746,,18.763568878173828,,,0.043382562696933746,0.000721489661373198,,,,2048,0.040925201028585434,,1959,0.0004246324533596635,,,18.714672088623047,,0.040925201028585434,,156100.38743329048,1693322580.7664683,
489,11.0,0.040287572890520096,,19.216880798339844,,,0.040287572890520096,0.0006886032060720026,,,,2052,0.040183331817388535,,1963,0.0009618462645448744,,,19.238008499145508,,0.040183331817388535,,156349.01822185516,1693322829.3972569,
490,11.0,0.03889361396431923,,18.682443618774414,,,0.03889361396431923,0.0004413974529597908,,,,2059,0.04313208535313606,,1970,0.0005075473454780877,,,19.178165435791016,,0.04313208535313606,,156784.72324872017,1693323265.1022837,
491,11.0,0.04236384853720665,,18.507587432861328,,,0.04236384853720665,0.0010946040274575353,,,,2067,0.04521486163139343,,1978,0.0010443207575008273,,,18.776609420776367,,0.04521486163139343,,157282.7556130886,1693323763.134648,
492,11.0,0.03921544551849365,,19.18988037109375,,,0.03921544551849365,0.0007135113701224327,,,,2069,0.0406913161277771,,1980,0.0007050329586490989,,,19.168758392333984,,0.0406913161277771,,157407.11239004135,1693323887.491425,
493,11.0,0.04195452108979225,,18.760452270507812,,,0.04195452108979225,0.0004914281307719648,,,,2070,0.042920347303152084,,1981,0.0006178335170261562,,,18.620637893676758,,0.042920347303152084,,157469.2129058838,1693323949.5919409,
494,11.0,0.03828955441713333,,18.75335693359375,,,0.03828955441713333,0.0007097548805177212,,,,2071,0.04262114316225052,,1982,0.00040022004395723343,,,19.001493453979492,,0.04262114316225052,,157531.34542131424,1693324011.7244563,
495,11.0,0.044611766934394836,,18.71709442138672,,,0.044611766934394836,0.0007462431094609201,,,,2078,0.04225502908229828,,1989,0.001346096396446228,,,18.666078567504883,,0.04225502908229828,,157966.26741075516,1693324446.6464458,
496,11.0,0.040055546909570694,,18.634384155273438,,,0.040055546909570694,0.0007076385081745684,,,,2080,0.042448271065950394,,1991,0.0007524999673478305,,,18.91411590576172,,0.042448271065950394,,158090.5872991085,1693324570.966334,
497,11.0,0.04275320842862129,,18.816871643066406,,,0.04275320842862129,0.00046464617480523884,,,,2081,0.041683439165353775,,1992,0.0012871400685980916,,,18.670703887939453,,0.041683439165353775,,158152.86970734596,1693324633.2487423,
498,11.0,0.04235763102769852,,18.7259464263916,,,0.04235763102769852,0.0011401354568079114,,,,2084,0.040822502225637436,,1995,0.0010063881054520607,,,18.694982528686523,,0.040822502225637436,,158339.27290463448,1693324819.6519396,
499,11.0,0.043511610478162766,,19.11895179748535,,,0.043511610478162766,0.0007225925219245255,,,,2090,0.04004066810011864,,1999,0.00044573566992767155,,,18.5100154876709,,0.04004066810011864,,158588.04715752602,1693325068.4261925,
